,y_validation,TfIdfGender
0,0,0.08345370321398791
1,1,0.5380189956531948
2,0,0.030946755780076454
3,0,0.010864549531831429
4,0,0.5610250862375318
5,0,0.4935236496733421
6,0,0.1544721730937968
7,0,0.009314944489358988
8,0,0.16275576287752244
9,0,0.24449032128373682
10,0,0.15732136577859981
11,0,0.11614586391816345
12,0,0.007061964125186617
13,0,0.15159192440650718
14,0,0.3389601947184284
15,0,0.048606456942282904
16,0,0.002229509944491341
17,0,0.10309181932923296
18,0,0.18788468555438945
19,0,0.04674145912693004
20,0,0.0024647527791123672
21,1,0.9613940325104092
22,0,0.0813662853371434
23,0,0.48967718124030574
24,0,0.00984321631294447
25,1,0.48969570413592595
26,1,0.11311214847939374
27,0,0.07988881704517045
28,0,0.044084935001448014
29,0,0.03974197888695643
30,0,0.6060938530368358
31,0,0.02132877585196247
32,0,0.25304280576416616
33,1,0.6595496351182589
34,1,0.2871376664761384
35,0,0.05281260225585723
36,0,0.12878890682695446
37,1,0.7885956519551487
38,0,0.23486822639235955
39,0,0.31743979743560535
40,0,0.4204541026250722
41,1,0.7180160951043865
42,0,0.0998946825677233
43,1,0.41710089865071903
44,0,0.02799404812478299
45,0,0.0629379721392079
46,0,0.020521471702287936
47,1,0.8270773616673538
48,1,0.29412889368481393
49,0,0.3131638608708636
50,0,0.08297134818682021
51,1,0.43530531872574396
52,0,0.11309525934154649
53,0,0.528527423116235
54,1,0.5068113663773854
55,0,0.30547078615501205
56,1,0.2925825133100674
57,0,0.13665100150962545
58,0,0.1789975785842585
59,0,0.10114749359610949
60,0,0.29154037234525104
61,0,0.06354393999680899
62,1,0.5055789025797492
63,1,0.8377617169545087
64,0,0.30040308727772913
65,1,0.18682107180432678
66,0,0.020543710156119083
67,0,0.18870060133887318
68,0,0.22494671525803628
69,0,0.04678217274200238
70,0,0.42259328856827333
71,0,0.4372267720111019
72,1,0.8942351581629587
73,0,0.16569590343364615
74,0,0.08947810415588785
75,1,0.49809627983404947
76,0,0.019486839298505924
77,0,0.16572871476305262
78,0,0.14536195845343336
79,0,0.16782824808506594
80,0,0.3792923243523292
81,0,0.1145593769672029
82,0,0.05702931797923118
83,0,0.13366849315605356
84,0,0.10310746122299362
85,0,0.17502371940399028
86,0,0.006286589985951461
87,0,0.03338252307668478
88,1,0.30609696290639
89,0,0.260905580864106
90,0,0.12263028604306232
91,0,0.012826588316321628
92,1,0.9809167863462235
93,0,0.3300421336595429
94,1,0.279247483521258
95,1,0.08788580181845233
96,0,0.042047957690078484
97,0,0.3960191575335733
98,0,0.011054196100916713
99,0,0.5543962091333309
100,1,0.27017888450320016
101,0,0.053002663863048256
102,0,0.14706179944359543
103,0,0.04007936591391734
104,0,0.03965622945758318
105,1,0.97673866602444
106,0,0.11373444992019979
107,0,0.09396259946290168
108,0,0.060873285826367834
109,0,0.07996013242451822
110,1,0.07408823405100633
111,0,0.08484939637725408
112,0,0.05542094427880286
113,0,0.30463479949258665
114,0,0.06578527914123311
115,0,0.05919139041229592
116,0,0.2803743487576083
117,0,0.5081918718844972
118,0,0.09075102644912308
119,1,0.5770539938950957
120,0,0.3105105995628981
121,1,0.21394571884369346
122,0,0.025103132875228328
123,0,0.06106736731017457
124,1,0.9872618198942159
125,1,0.36666107107548623
126,0,0.0048708191495786335
127,0,0.00273915173800198
128,0,0.193764397349927
129,0,0.14290322696201413
130,0,0.12225565632518814
131,0,0.27783501024050644
132,1,0.1900430895343867
133,0,0.21599401119732914
134,0,0.4805839280742687
135,0,0.6493594153094692
136,0,0.05956359856395332
137,0,0.006436634468125154
138,0,0.09968267827575464
139,0,0.1440784410590099
140,0,0.13559676463261286
141,0,0.012848375015607504
142,1,0.7301712881614276
143,1,0.5507856853547701
144,0,0.06173630584143788
145,1,0.4323684509203911
146,1,0.5915756105003801
147,1,0.7782188011587007
148,1,0.8684632998605106
149,0,0.04968723562183152
150,1,0.6133475921841177
151,0,0.6735210458784673
152,1,0.19434050031787695
153,1,0.5218619470805579
154,0,0.24760562362359415
155,0,0.3065291879557833
156,0,0.04017502681249598
157,0,0.28859155294020034
158,0,0.25481672705235914
159,0,0.011891574919229405
160,1,0.9359215548515138
161,1,0.29117286398379716
162,1,0.586061702207507
163,0,0.41712613431974155
164,0,0.1726542694026162
165,1,0.763520348215261
166,0,0.0002985316461649938
167,1,0.13524631341202117
168,0,0.013822202829934455
169,0,0.2388980535029607
170,1,0.7269216981620791
171,0,0.1758621579898921
172,0,0.48635913628330973
173,0,0.01804391066153083
174,0,0.013910768662912888
175,0,0.0370286353995538
176,0,0.11419828709450959
177,0,0.2050639398594145
178,0,0.021993797422528553
179,0,0.007368080863364564
180,1,0.6910796665160268
181,0,0.5267746484413047
182,0,0.4654909831866262
183,0,0.8741233547592202
184,0,0.005014633911020148
185,0,0.17819624286180474
186,1,0.20514828255261636
187,0,0.1262103052745683
188,0,0.06848557116792033
189,1,0.7044671345539241
190,0,0.27050219430890265
191,0,0.1582773317112541
192,0,0.20126420390563965
193,0,0.12140158731540511
194,0,0.12124376259781751
195,1,0.34286983978219937
196,0,0.11096324915494295
197,0,0.30245783955494565
198,0,0.18392312521041587
199,0,0.004218277728152365
200,0,0.21198457694448397
201,1,0.7591898835932399
202,0,0.1487920311251047
203,0,0.03939125657064587
204,1,0.8332352184597315
205,1,0.3832922531552849
206,0,0.6259829804257707
207,0,0.162544253215486
208,0,0.14968101694552266
209,0,0.06786821604384541
210,0,0.06309551561216704
211,1,0.7018370980838728
212,0,0.06736196202057777
213,0,0.22316183013488863
214,0,0.1632664126268671
215,1,0.8433836294528567
216,0,0.0576643889236293
217,1,0.6820629627910891
218,1,0.07184704126766804
219,0,0.11692451758106298
220,0,0.15286108376570792
221,0,0.1561881429627628
222,1,0.6026411879655648
223,0,0.10072197905704103
224,0,0.32473001796592815
225,0,0.3344591389601909
226,0,0.4869544624627365
227,1,0.9747625439496099
228,0,0.2850569245851113
229,1,0.5990824821006644
230,0,0.1372790574764362
231,0,0.0061545950692999405
232,0,0.6020050258028893
233,0,0.5702539753933235
234,0,0.15445199340554086
235,0,0.19086714340549207
236,1,0.8108083868819492
237,0,0.20552894964123117
238,0,0.25361091056367957
239,1,0.5080316486101474
240,0,0.24595429791680762
241,0,0.08351978982787722
242,0,0.18639536635107165
243,0,0.165053588443638
244,1,0.5009449350105839
245,0,0.030150030986427996
246,1,0.8247931122577142
247,0,0.004426149627624978
248,0,0.3506380447900732
249,0,0.14639817221921417
250,1,0.39187235019990746
251,0,0.002823417991447375
252,1,0.4405739886322025
253,0,0.06298469738282166
254,0,0.048891892497756495
255,0,0.1304339581766311
256,0,0.14095790523768248
257,1,0.3331477577636945
258,1,0.2763476069119873
259,1,0.6441903024854136
260,0,0.19502746899708798
261,0,0.5188838008571389
262,0,0.01177245295313856
263,0,0.09998646012580564
264,1,0.566773527189935
265,1,0.802252848389607
266,0,0.027882913875734345
267,0,0.19579773719807966
268,0,0.03694218784030346
269,0,0.07143742196326915
270,0,0.10635842579606071
271,1,0.5957397439100744
272,0,0.45428041119021745
273,0,0.21891332435154554
274,0,0.4524309444306625
275,0,0.30727273496114765
276,1,0.40085785320294837
277,1,0.8719098738955324
278,0,0.1891426129932389
279,0,0.04164790828741937
280,0,0.549955031058829
281,0,0.07438718788169218
282,0,0.6575784813663957
283,0,0.07547916464782352
284,1,0.9812801222039244
285,0,0.12282430580639248
286,0,0.0634499668069126
287,0,0.0976044802299265
288,1,0.3181758203149837
289,0,0.10667741875854367
290,0,0.21512224559892273
291,0,0.09649586650000447
292,1,0.01663384348869459
293,0,0.323035830340935
294,0,0.04830069592251473
295,0,0.7178617938472839
296,0,0.02070720008621467
297,0,0.18131449926098253
298,0,0.26983077426883273
299,1,0.057229853501141605
300,0,0.2495087685501279
301,0,0.016179915324417968
302,0,0.07772121305496181
303,0,0.2284192659736461
304,0,0.017292559532494003
305,0,0.09499591781660252
306,0,0.027332030533568186
307,0,0.08767057026285385
308,0,0.2215879256599837
309,0,0.3463551166169974
310,0,0.470143360424844
311,1,0.2635875415527848
312,0,0.052964220597556524
313,0,0.30492558976062867
314,0,0.22176571346119425
315,1,0.4127640436467159
316,1,0.7997406073023109
317,0,0.039735991188966
318,0,0.025637589844401443
319,0,0.17537823437333253
320,0,0.01175905311441702
321,0,0.04336430003939832
322,1,0.32141988718004394
323,0,0.21238068738267632
324,1,0.8265555989520988
325,0,0.11461477835887059
326,1,0.07586147401669797
327,0,0.12234679774909132
328,0,0.22742613737758383
329,0,0.04946240807848833
330,0,0.06980977627815707
331,0,0.10273376251146583
332,1,0.8875652512498053
333,0,0.19460860403338345
334,0,0.04161353828130782
335,1,0.6440323240320289
336,0,0.009367191041802572
337,0,0.04722776820969925
338,1,0.5611572655980667
339,0,0.015377644703520248
340,1,0.29998992416201237
341,0,0.1800464427205743
342,0,0.4025991499515427
343,1,0.16609336550144582
344,0,0.4060841342001157
345,0,0.22025566652114345
346,0,0.2916494970889524
347,0,0.07109827750174515
348,0,0.10104616080887667
349,0,0.1505549368947158
350,0,0.18476529987205237
351,0,0.5614512390127809
352,0,0.03145599095704999
353,0,0.16065468352672896
354,1,0.5708692903743132
355,0,0.13003427762146008
356,0,0.48873256738461063
357,0,0.12553173865227843
358,0,0.28179027848594895
359,1,0.2857872547590428
360,1,0.12060236868467826
361,0,0.002329745772973827
362,1,0.3762531935953801
363,0,0.05966402609273879
364,1,0.42954454618607607
365,0,0.04060774555956385
366,0,0.057287340822248706
367,0,0.18344164545826908
368,0,0.022979440168473912
369,0,0.22179368963036739
370,0,0.701346953853995
371,0,0.05375953402483425
372,0,0.22257374204911978
373,0,0.14008227211687999
374,0,0.05254706546015119
375,0,0.16808585654751498
376,0,0.12248645890931038
377,0,0.10353863557834439
378,0,0.26629513614597966
379,0,0.18916193686103064
380,0,0.01721448979363082
381,0,0.48375980014354175
382,1,0.28506869343586744
383,0,0.015685687524622734
384,1,0.5012105304631503
385,0,0.6116823673897288
386,0,0.3328098776737874
387,0,0.17612011673743422
388,0,0.030977088127416622
389,0,0.1603166081915414
390,0,0.05868999472213606
391,0,0.5649935715617108
392,0,0.23084862089367889
393,0,0.1687495235263238
394,0,0.07197775618014743
395,0,0.22618628810483224
396,0,0.12780007064928006
397,0,0.02194422126899242
398,0,0.16151981015447847
399,1,0.9068288960671239
400,0,0.17757047247031507
401,0,0.050868792099819635
402,0,0.0683319047235614
403,1,0.8924406876329111
404,0,0.2847909969263863
405,0,0.1732850191705891
406,1,0.06028838154939265
407,1,0.9776219090836944
408,0,0.039985646750634436
409,0,0.1699191318156346
410,0,0.26181493182598176
411,0,0.15856642353257078
412,1,0.42578743337001695
413,0,0.5825254504764027
414,1,0.9440599545344337
415,0,0.3013693990770016
416,0,0.01867684786055866
417,0,0.3376445742985391
418,0,0.04052617087472056
419,0,0.5077799583796104
420,0,0.02154086885534189
421,0,0.723685708604872
422,0,0.3781820715529722
423,0,0.07106810884747003
424,0,0.00543067204122624
425,0,0.1609109650964001
426,0,0.03102882380905919
427,0,0.28703403441085645
428,0,0.11319414938572363
429,0,0.040663214052803036
430,0,0.6848133779094687
431,1,0.48447537495599385
432,0,0.08943961694819062
433,0,0.04454405716121626
434,0,0.01170656101719488
435,1,0.8650109859657964
436,0,0.09861506793944326
437,0,0.4491563561382998
438,0,0.2477582485589673
439,0,0.08975982776460804
440,0,0.07329161124383735
441,0,0.005970537802830397
442,0,0.18059829250586856
443,0,0.004509045557753865
444,0,0.242317933018568
445,0,0.0006099232008179624
446,0,0.33864162831248257
447,0,0.05285600829790171
448,0,0.06444677361279498
449,0,0.3386710817876669
450,0,0.0921887739029245
451,0,0.12107371810321517
452,0,0.040447331142166906
453,1,0.2859806970751087
454,1,0.9926025607722638
455,1,0.08721722255993283
456,0,0.20979198782675354
457,0,0.1669419555003511
458,1,0.6597948016045361
459,1,0.7009250879877541
460,0,0.06140523761521
461,0,0.14692807191818694
462,0,0.2337876401723105
463,1,0.6884676615808215
464,1,0.9569168031141904
465,0,0.024177338972648215
466,1,0.7228961569129634
467,0,0.43959426799095425
468,0,0.026402889941010976
469,0,0.15724051617908927
470,0,0.07015497909396996
471,0,0.012159441388329651
472,1,0.30778443299002495
473,0,0.1632320934172612
474,0,0.06606810856133231
475,0,0.009413633530826379
476,0,0.13566238405854253
477,0,0.15753011607528633
478,1,0.7373801640298654
479,1,0.31883641568244747
480,0,0.6718759474258571
481,0,0.1615538557521114
482,0,0.09162030772242927
483,1,0.6272063727429157
484,0,0.2856417913970797
485,0,0.016539076055759803
486,0,0.2054222289356369
487,0,0.04233497445724331
488,0,0.14935075234965586
489,1,0.9766435523574404
490,0,0.08465792371964903
491,0,0.09580838742637009
492,1,0.7530129112134711
493,1,0.26528733300449875
494,1,0.7038927849281861
495,0,0.4251848688648063
496,1,0.9270111921307128
497,1,0.26733281864905056
498,1,0.9918706432114115
499,0,0.29956546059899897
500,0,0.18601433501160794
501,0,0.1906277431903432
502,1,0.2661793716389235
503,1,0.3300280066888703
504,1,0.8060018432855333
505,1,0.11079882041140128
506,0,0.14682537517565566
507,0,0.1337922868244483
508,0,0.5593822845234839
509,1,0.756461327397877
510,0,0.3238819743220255
511,0,0.1171663831853488
512,0,0.004630469028580757
513,0,0.061982760653456474
514,0,0.047474280851108636
515,0,0.3624971035039141
516,0,0.32230723253138255
517,0,0.28512672808307604
518,0,0.12316615074986606
519,0,0.10438302148045708
520,1,0.5535780761550622
521,0,0.042173245565223776
522,0,0.06403376253105925
523,0,0.17568838471292136
524,0,0.09723240439281661
525,0,0.011751812007602619
526,0,0.2475842563838574
527,0,0.16187805934019706
528,1,0.5223279991993524
529,0,0.09978885768238392
530,0,0.13701679946679485
531,1,0.21698924387796426
532,0,0.28745098997476437
533,0,0.09547965094407658
534,0,0.06466903955884037
535,0,0.011694643894377172
536,0,0.1749691529495656
537,0,0.1965273847854883
538,0,0.04196970649523726
539,0,0.13955758413261077
540,0,0.2995769979285233
541,0,0.17695429903066576
542,0,0.10259363488413774
543,0,0.1735115150433681
544,0,0.020133419849165817
545,1,0.19431123482455961
546,0,0.16524315732216083
547,0,0.04948020600452251
548,0,0.28002098299618966
549,0,0.5118834558547704
550,0,0.12056040701426506
551,0,0.03165976803862626
552,1,0.8734984490799925
553,0,0.3549855830065607
554,1,0.958307622809258
555,0,0.31807327225655174
556,0,0.23216422699443692
557,0,0.017999241408570905
558,0,0.0798112806997459
559,0,0.0030707026394916886
560,1,0.1553691382719645
561,0,0.016808834245792284
562,1,0.7133483239797912
563,0,0.11953853431778641
564,0,0.2915954929294037
565,0,0.05771080979056734
566,0,0.13008608582091924
567,0,0.10470039142479748
568,0,0.22821724184885853
569,0,0.4472366773615135
570,1,0.6213539260241646
571,0,0.04990825615161025
572,0,0.0127918894461625
573,0,0.05001208382611539
574,0,0.01886871066674435
575,0,0.08835383660262955
576,0,0.0321390109125034
577,0,0.306377331276256
578,0,0.4087077679782062
579,0,0.13904109686027633
580,0,0.4136345052748111
581,0,0.30121888514591166
582,1,0.2033126177831513
583,0,0.009553340536011434
584,1,0.807006369349796
585,1,0.9815825404188991
586,0,0.14239468758163412
587,0,0.2032355550910277
588,0,0.4047906234906416
589,0,0.03375414231696154
590,0,0.1910265864052765
591,0,0.1436307058474251
592,0,0.4101974950861455
593,0,0.11554159693619802
594,0,0.15622941728308604
595,0,0.012470999953694918
596,0,0.13582663354270594
597,0,0.09407874230126229
598,0,0.28904745378236707
599,0,0.04825160378690521
600,0,0.4360233825634355
601,1,0.19191319587000255
602,1,0.7988516728746656
603,0,0.020440501264108058
604,0,0.14832121770348505
605,0,0.03588341678596685
606,0,0.0025789895326660396
607,0,0.08497923276944887
608,1,0.211906944926045
609,0,0.018737014101857238
610,1,0.28525767389441903
611,1,0.2700356284457527
612,0,0.11206259264708689
613,0,0.3721890011810491
614,1,0.4755086263295114
615,0,0.561590194856063
616,1,0.898791223602141
617,0,0.046271988759935045
618,1,0.9969780155842686
619,1,0.8273038533839164
620,1,0.3397721893942531
621,1,0.3473500468434163
622,1,0.7408515484413303
623,0,0.004329216514041906
624,1,0.19825362968704077
625,0,0.010702354026328567
626,0,0.008023303551666326
627,1,0.15117878914304078
628,0,0.026863564308788765
629,0,0.17353619163318373
630,0,0.09986869210624921
631,0,0.028738924504012713
632,1,0.842232122005878
633,0,0.07670428294534978
634,0,0.2610078452912026
635,0,0.42423869209508647
636,0,0.019825979527697418
637,1,0.4357788631133715
638,0,0.13598821299215372
639,0,0.4070856716910208
640,0,0.22255168164798
641,0,0.4602115351579132
642,0,0.0947046098770957
643,0,0.031494524572667014
644,0,0.018425748592582405
645,0,0.0841498975396612
646,0,0.10472302182044385
647,1,0.45732760786414617
648,0,0.17484123887998848
649,0,0.36302513488930716
650,0,0.2683835459863307
651,0,0.13997111507083485
652,0,0.07657432686374674
653,1,0.5539702695086319
654,0,0.14003510427915594
655,1,0.2802576742197527
656,0,0.6851013797741163
657,0,0.5833738338360408
658,0,0.03712524122394995
659,0,0.0407795482923696
660,0,0.04132132750573203
661,1,0.3471541057053777
662,1,0.9593866234118217
663,0,0.5013697390110369
664,0,0.1757134838561405
665,0,0.18119950217011738
666,0,0.06382222208451287
667,0,0.4354426410478137
668,0,0.09967260559639193
669,1,0.7960973343147083
670,1,0.18615822149037567
671,1,0.6310217949020996
672,0,0.1595247215280556
673,0,0.3780740612013774
674,1,0.5939095850560205
675,0,0.00816643809803887
676,0,0.10152163348467169
677,1,0.14081661945218585
678,0,0.1190530068179421
679,0,0.12396788182459015
680,0,0.02106022732244776
681,0,0.14417726630494374
682,0,0.12440243814200228
683,0,0.03171234900833101
684,0,0.35469403732475285
685,0,0.01146866871936959
686,0,0.16559528157173733
687,0,0.10838373530582375
688,0,0.01724405038816144
689,0,0.0020730714830399727
690,0,0.2281126940660479
691,0,0.005219361411428381
692,0,0.4570917974410079
693,1,0.9982553025327805
694,0,0.20723492721587433
695,0,0.17901480499010677
696,0,0.07316924898985731
697,0,0.02027354350448869
698,0,0.04356132317960913
699,0,0.19161975006280058
700,0,0.16575411575967952
701,0,0.16508197578317868
702,0,0.15661535568414842
703,0,0.16559797157148334
704,1,0.20487824569132865
705,0,0.042424354979277684
706,0,0.2437232085373023
707,0,0.21661442135801903
708,0,0.5471024563705152
709,0,0.08281393465140567
710,0,0.0053484352845333104
711,0,0.140023930758224
712,0,0.001167339318794085
713,0,0.13837840785937378
714,1,0.6245439516507001
715,0,0.1503385262748676
716,1,0.14277250188148896
717,0,0.4252920694058036
718,1,0.11806234130023069
719,0,0.0015892480698235687
720,1,0.14102941392706256
721,0,0.008854302498811072
722,1,0.9093808090164753
723,0,0.40132767719657814
724,0,0.013420388793121628
725,1,0.9724991566966837
726,1,0.8983603578240943
727,0,0.06681495960132404
728,0,0.09362957217577712
729,0,0.33418239203726074
730,0,0.11356350128086841
731,0,0.2837932183691857
732,0,0.056352793442284284
733,1,0.15944940639350985
734,0,0.27905472075352894
735,1,0.19800364661064435
736,0,0.8560007875859457
737,1,0.15064834074967604
738,1,0.6456611756235948
739,0,0.10353141443661462
740,0,0.07162203074061224
741,1,0.8260193162521764
742,1,0.21447218132365434
743,0,0.5663799224526168
744,0,0.23126266438598841
745,0,0.280322349618743
746,0,0.5838643234636303
747,0,0.04791164679613145
748,0,0.09671187172173079
749,0,0.10673280126617962
750,0,0.5662830218340794
751,1,0.4919979672079516
752,0,0.6543436199844472
753,1,0.04004609777463086
754,0,0.3233414658700125
755,0,0.5752520155278265
756,0,0.11774884473892326
757,0,0.06356257026358644
758,0,0.4204946196944205
759,0,0.02727285223342191
760,0,0.40367650549234624
761,1,0.8040100443489222
762,1,0.9408302765656729
763,0,0.009731384070267244
764,1,0.9373797021197784
765,1,0.2551577550650548
766,0,0.14970012292960252
767,1,0.6813992498650172
768,0,0.33386885196654265
769,1,0.07306719708837152
770,0,0.21000664062152463
771,0,0.2292957540844136
772,0,0.010962615681863483
773,1,0.5290595186938287
774,1,0.9976375483490798
775,1,0.7947267094047732
776,0,0.14427960838509435
777,0,0.12466478063326177
778,0,0.015890890296708444
779,0,0.23192096485741318
780,1,0.23006410671644725
781,0,0.06535392226834057
782,0,0.17669980750982828
783,0,0.5724697635140399
784,1,0.7248176014511928
785,1,0.47537258414038724
786,0,0.01771111041198724
787,0,0.1211932813974908
788,0,0.15542364035849532
789,0,0.394765893703557
790,0,0.3279663775971999
791,1,0.8719439656920922
792,1,0.27072639033328477
793,0,0.24275001522980183
794,0,0.16454677267907356
795,0,0.019932014887553334
796,0,0.214254011736026
797,0,0.07855012811964017
798,1,0.971686185583515
799,0,0.07133675249210325
800,1,0.4859729199570726
801,0,0.5493454413473411
802,0,0.08994059490539104
803,0,0.418471042869517
804,0,0.34268673317586806
805,0,0.005160693619958089
806,0,0.04934005743860771
807,1,0.8100463771517659
808,0,0.2980867272593235
809,0,0.35454275325784157
810,0,0.20639856220109487
811,0,0.1405602677430867
812,1,0.8763423448097519
813,0,0.3233147397509301
814,0,0.06138314863691179
815,0,0.09157997943695663
816,0,0.24901042002732868
817,0,0.08516185696320713
818,0,0.15694807256192683
819,0,0.038643769888386054
820,0,0.022050988606052358
821,0,0.2275212016732381
822,0,0.2490226781452642
823,0,0.23668645278625727
824,0,0.14590356622095055
825,0,0.23367308192126243
826,0,0.011870111346006986
827,0,0.6081879203621267
828,1,0.9014596513561358
829,0,0.5317811637244589
830,0,0.20409080956788167
831,0,0.21690072090179865
832,0,0.06409041338239062
833,0,0.12039218949057001
834,0,0.3625651648994282
835,0,0.5486136381370418
836,0,0.1336503460449884
837,1,0.35034232716828223
838,1,0.24142843195228567
839,1,0.662587064999402
840,0,0.06767270835814335
841,1,0.9339441833769526
842,0,0.2471912098520666
843,0,0.005955404777978231
844,1,0.19441683987688044
845,0,0.18176774691985617
846,1,0.9331113672744541
847,0,0.09838375232245468
848,0,0.021011317266944288
849,1,0.9986834012215243
850,0,0.3178332562805229
851,0,0.21957638559756673
852,0,0.13406089558943585
853,0,0.5606203684073833
854,0,0.6701535718697132
855,0,0.008984185888292756
856,0,0.08192112421671746
857,0,0.017303123270964758
858,0,0.27196602195117936
859,0,0.04587674884709197
860,0,0.33364788217761177
861,1,0.22476821628691335
862,0,0.06985042154347508
863,0,0.04117328441801108
864,1,0.22869937838295493
865,0,0.2628647496848651
866,0,0.4311443641851663
867,1,0.40382903248052976
868,0,0.24246063314904595
869,0,0.19755233851237547
870,0,0.011925690150803308
871,0,0.04494382477231642
872,0,0.004705210544429002
873,0,0.6217930462052776
874,0,0.11052245341335197
875,0,0.06973447426174723
876,0,0.1272655715698565
877,1,0.7843791298605368
878,0,0.2569950784306269
879,1,0.4334653647326784
880,0,0.22255337572385048
881,0,0.2750659956357711
882,1,0.4989918424127879
883,1,0.17782903562443506
884,0,0.10565405246403148
885,0,0.14346136668933152
886,0,0.370456480546235
887,1,0.8736912988407604
888,0,0.0857302280861142
889,0,0.6800991310355562
890,0,0.025590113050103384
891,0,0.2117380542282087
892,0,0.05354390377087899
893,1,0.5190524294450662
894,0,0.007957325109339764
895,0,0.15813318180033623
896,1,0.40726163681616334
897,0,0.011098660040754823
898,0,0.19745296200850826
899,0,0.1977880256666277
900,1,0.6934229361243642
901,0,0.03700424334526692
902,0,0.052202485253661744
903,0,0.014778981605086687
904,0,0.08922268764869484
905,1,0.8543013904756216
906,1,0.9571348868240511
907,0,0.05614194655490037
908,0,0.2051651441473147
909,0,0.42617897937615234
910,0,0.16440146456568003
911,0,0.2123377781691244
912,0,0.33305866792088107
913,0,0.12313345928088835
914,0,0.10005054042786542
915,0,0.007130264388811535
916,0,0.12553116030616576
917,0,0.19886654015220284
918,0,0.09678203673791795
919,0,0.005373212844313986
920,0,0.0043143008818091536
921,0,0.370145267364705
922,0,0.10943802405647263
923,1,0.9729753880749477
924,0,0.7964592897790037
925,0,0.09461788638372914
926,0,0.3423920118890416
927,0,0.3754345690749154
928,1,0.38121373554914
929,0,0.26797496456107983
930,0,0.1408811715198221
931,0,0.48475264287647357
932,0,0.29711567630023517
933,0,0.08568558708922021
934,0,0.0036254848841446325
935,0,0.011429901158544928
936,0,0.005446785474142878
937,0,0.2516484707808719
938,0,0.1196301364574822
939,0,0.013052318850865934
940,0,0.12916861719139908
941,1,0.4472247383746933
942,1,0.7767439424779149
943,0,0.11944519116005999
944,0,0.17500238669809612
945,0,0.08705206153206953
946,0,0.12037613103969975
947,1,0.21699200537693863
948,0,0.2544968228231509
949,0,0.14737286263803914
950,0,0.1322533748677249
951,1,0.1302588875531958
952,0,0.08393746804469954
953,0,0.29261581704669004
954,0,0.3600755553023127
955,1,0.47868599651465216
956,0,0.35767631975559994
957,0,0.137271883496193
958,0,0.14749313745515133
959,0,0.14117453686186424
960,0,0.5405357531493117
961,0,0.007411114428308687
962,0,0.18502619777073478
963,0,0.08270964153960302
964,0,0.06639363721214575
965,0,0.0974196909244485
966,0,0.010539651020380226
967,1,0.09261158591454959
968,0,0.0362689391361887
969,0,0.2250355448299335
970,0,0.4273900986751963
971,0,0.11737466987662831
972,0,0.12804428440460214
973,0,0.5178074803126778
974,0,0.03945608588765559
975,0,0.3164754728532102
976,1,0.8426163351094852
977,0,0.30305456874244646
978,1,0.4221300932662056
979,0,0.18193557657398493
980,0,0.23636420621599144
981,0,0.3309311428230826
982,0,0.12385819023698942
983,1,0.27373759253531843
984,1,0.2929043224962729
985,1,0.8953391733164164
986,0,0.008130457963718392
987,0,0.1666257648246123
988,0,0.17615243920141332
989,0,0.634483261741242
990,1,0.6134947630826865
991,0,0.01543636790020072
992,0,0.18151955472853548
993,1,0.38467610973495886
994,0,0.08257090216287193
995,0,0.2519137070885248
996,0,0.0717863321039494
997,0,0.2680853405584284
998,0,0.4909291552716422
999,0,0.13558976242383677
