,y_validation,W2VGender
0,0,0.17255688694174615
1,1,0.43610418783827476
2,0,0.14705870520904296
3,0,0.43114774133022765
4,0,0.4038073935327683
5,0,0.40167307251421736
6,0,0.16160369929837284
7,0,0.15430280384751868
8,0,0.23075591033155737
9,0,0.33671957981069306
10,0,0.08508201738293415
11,0,0.28229604674713366
12,0,0.11800096478763979
13,0,0.0968821891277666
14,0,0.399299018805704
15,0,0.21105479575561054
16,0,0.18250873549410068
17,0,0.22340339008098217
18,0,0.17135506816465404
19,0,0.04187875650002395
20,0,0.1078231699381411
21,1,0.5892317633874111
22,0,0.3938647098963403
23,0,0.6746174655721843
24,0,0.24348278589962788
25,1,0.3868014835666217
26,1,0.21600582293914897
27,0,0.4144735915710565
28,0,0.31054423652308427
29,0,0.0724210950375392
30,0,0.7434656350790089
31,0,0.16624687725625498
32,0,0.10822705165009591
33,1,0.7958508476441273
34,1,0.3526030586763426
35,0,0.25365081159828967
36,0,0.4065304737078837
37,1,0.3575659566295591
38,0,0.5743214170219826
39,0,0.1334409426922517
40,0,0.11226436597876537
41,1,0.43961018179408834
42,0,0.23963818276385995
43,1,0.5195630908315212
44,0,0.18140014882169445
45,0,0.11679859183807223
46,0,0.10209284840986889
47,1,0.47755141452806393
48,1,0.4024609230399397
49,0,0.6373167466379399
50,0,0.10593665573100439
51,1,0.5737051957918253
52,0,0.073287151938631
53,0,0.5790186038283284
54,1,0.6837054160568115
55,0,0.3349244645674189
56,1,0.6638183821416563
57,0,0.21099664249612995
58,0,0.16175895730293954
59,0,0.19434205333168833
60,0,0.3454542800922243
61,0,0.1226248103801669
62,1,0.43242512880820116
63,1,0.5124890046297108
64,0,0.3678268835879162
65,1,0.2809331581302022
66,0,0.248809003869001
67,0,0.00254077372976096
68,0,0.3263864408749102
69,0,0.38610754558905175
70,0,0.2629183472952522
71,0,0.17535742651948896
72,1,0.652575268748811
73,0,0.3007378058056002
74,0,0.3068349764139037
75,1,0.5121950292617709
76,0,0.21316401026713333
77,0,0.008863529714723086
78,0,0.33213488733008995
79,0,0.13702402220417445
80,0,0.6595796928023961
81,0,0.21177836235154066
82,0,0.11081073512875625
83,0,0.18628006429578461
84,0,0.1577544011913481
85,0,0.2894094810453672
86,0,0.1307950599580949
87,0,0.17670064392074883
88,1,0.44659215967980537
89,0,0.44900420413380937
90,0,0.3528552688615626
91,0,0.09233026937185845
92,1,0.6084719399110851
93,0,0.4951558347176001
94,1,0.43191692606029586
95,1,0.17312392667444526
96,0,0.16226965484892103
97,0,0.5468812913394495
98,0,0.2574247647371525
99,0,0.3532378126983904
100,1,0.40743376419794197
101,0,0.09330500848120551
102,0,0.41183717534952896
103,0,0.07686625168177101
104,0,0.45412961648854405
105,1,0.6088588498021694
106,0,0.31242535067267674
107,0,0.03437066735370977
108,0,0.24099914681765106
109,0,0.2890292311843451
110,1,0.09606367069920879
111,0,0.27501940372062283
112,0,0.2222809009686612
113,0,0.2547592966654292
114,0,0.09046396575027915
115,0,0.35925258584187053
116,0,0.5191443197450043
117,0,0.5528942856793811
118,0,0.17468530920981126
119,1,0.5900699809286176
120,0,0.30542759954706494
121,1,0.04356846191424856
122,0,0.1305511907435647
123,0,0.2643085178372418
124,1,0.5093725163717123
125,1,0.561196529015686
126,0,0.12312502302898294
127,0,0.1123460387289325
128,0,0.5319309781566961
129,0,0.1688984450921067
130,0,0.26592574999339885
131,0,0.3233173309003379
132,1,0.5265384054432393
133,0,0.29639018091444314
134,0,0.5341280189385531
135,0,0.5638839861422661
136,0,0.1600672094852904
137,0,0.10773818443513049
138,0,0.18063183666170757
139,0,0.15743402405423537
140,0,0.39147265182838387
141,0,0.16141488697236192
142,1,0.41497088553268346
143,1,0.666892869340463
144,0,0.20043059563897925
145,1,0.3981589246426591
146,1,0.5553501565657766
147,1,0.5659364365561125
148,1,0.5054331257502991
149,0,0.07803586086943527
150,1,0.5189613648448288
151,0,0.504965911136782
152,1,0.1310867251144676
153,1,0.5704454138664553
154,0,0.14983161102108788
155,0,0.2345485529765548
156,0,0.14886335027563197
157,0,0.34892179875711316
158,0,0.367074183015953
159,0,0.1875930612495849
160,1,0.4981200909261331
161,1,0.09934674694608335
162,1,0.3245345435659745
163,0,0.4040292713593216
164,0,0.11341343461209952
165,1,0.8546116594560446
166,0,0.10957847202719886
167,1,0.2346621784416657
168,0,0.07931919833974933
169,0,0.6231865812390971
170,1,0.5922243899235995
171,0,0.5755467327240459
172,0,0.4644976077550769
173,0,0.2418702011897861
174,0,0.09762823940094653
175,0,0.22593437410455378
176,0,0.28928991941559984
177,0,0.2601116505925553
178,0,0.22760663540960227
179,0,0.11158606015934343
180,1,0.5707499475112681
181,0,0.46485335591915733
182,0,0.49894181410873506
183,0,0.4957469865484505
184,0,0.18294993982365418
185,0,0.07155899153957872
186,1,0.5935540196465818
187,0,0.12238155161076311
188,0,0.3835914132741437
189,1,0.43919017812729216
190,0,0.346036286583545
191,0,0.1816962387226627
192,0,0.39601921147783353
193,0,0.22190881845428415
194,0,0.19973600940913663
195,1,0.4465258107690151
196,0,0.3011216294999713
197,0,0.30471967018602647
198,0,0.10224146208674172
199,0,0.24875473981338847
200,0,0.40498282184961354
201,1,0.6612562291404253
202,0,0.3482162217087513
203,0,0.24368362683297914
204,1,0.5834526592230892
205,1,0.4050366780119539
206,0,0.552442344928319
207,0,0.36818284508709437
208,0,0.04423410924229623
209,0,0.10452229196840532
210,0,0.10522593989476674
211,1,0.3574107530752586
212,0,0.24677091588005956
213,0,0.290996074393111
214,0,0.21953640414408737
215,1,0.48153359190305994
216,0,0.10370531495311887
217,1,0.42899520195089014
218,1,0.21746222183863284
219,0,0.3122953476700249
220,0,0.44362497570536424
221,0,0.038679813818784894
222,1,0.7339827098563021
223,0,0.2037464129298111
224,0,0.3768560138916207
225,0,0.2291940477212115
226,0,0.5994510873432687
227,1,0.5972402563898863
228,0,0.381922567147795
229,1,0.37411885737158856
230,0,0.10421877808847299
231,0,0.13688030564502973
232,0,0.6420188515018588
233,0,0.6354413824600692
234,0,0.20692903773079002
235,0,0.21423286746886874
236,1,0.5719518983765304
237,0,0.576152323839903
238,0,0.46362267873792296
239,1,0.479123230463681
240,0,0.2983353858360774
241,0,0.3110764329969374
242,0,0.03294510603092526
243,0,0.05341201405749232
244,1,0.37173124495486226
245,0,0.11062271749206595
246,1,0.5369222500950069
247,0,0.1201107062350594
248,0,0.07838248525681758
249,0,0.35491118383593206
250,1,0.49733008194495654
251,0,0.10760237770763185
252,1,0.39845211352609394
253,0,0.08591607970645428
254,0,0.10239961494580423
255,0,0.3144888950432333
256,0,0.541092018427001
257,1,0.45914096453854353
258,1,0.33638093128874264
259,1,0.5468635981101791
260,0,0.21417401449850323
261,0,0.6348523093126209
262,0,0.21257879849641545
263,0,0.4667885629662845
264,1,0.5084735515422564
265,1,0.5905715626562598
266,0,0.13883458569886203
267,0,0.28671622970235533
268,0,0.14096602489480586
269,0,0.09365199484546297
270,0,0.02523559247674008
271,1,0.6928639568506931
272,0,0.48379080202033836
273,0,0.5446962732538392
274,0,0.34157939962302875
275,0,0.2412714403686336
276,1,0.2802963192520952
277,1,0.5258125800364976
278,0,0.1803291118806427
279,0,0.1786154834301749
280,0,0.43662643236170234
281,0,0.12910648743078934
282,0,0.4666889406547698
283,0,0.3103717429704756
284,1,0.6603464875946712
285,0,0.04582611629430219
286,0,0.27907994021799715
287,0,0.06567652456951611
288,1,0.3686463162578716
289,0,0.15751094449152356
290,0,0.2211636107161979
291,0,0.2849563925797797
292,1,0.10953541234393697
293,0,0.20062883136653775
294,0,0.03695865896525887
295,0,0.5551822633436352
296,0,0.09052621273679347
297,0,0.49462945348898907
298,0,0.09165287891471252
299,1,0.38325988447556425
300,0,0.10858715317136836
301,0,0.08806431664181485
302,0,0.14910954354262904
303,0,0.3750547470205012
304,0,0.08041023471812375
305,0,0.14715171067976116
306,0,0.08860138155743717
307,0,0.21832782007997822
308,0,0.1936530293459181
309,0,0.41388305090302
310,0,0.3343261819782117
311,1,0.32981639643956456
312,0,0.16956634516825925
313,0,0.35662268124801816
314,0,0.1921837204759983
315,1,0.5155162148528809
316,1,0.4880729013745543
317,0,0.3226326669041902
318,0,0.20517524053839095
319,0,0.16248795258060728
320,0,0.20550454173427818
321,0,0.05321393303344025
322,1,0.34337050643727407
323,0,0.42505231875009925
324,1,0.5430844250489631
325,0,0.2847365185307364
326,1,0.22260823791759463
327,0,0.08544300250969823
328,0,0.38367605886062583
329,0,0.09929368617285803
330,0,0.22868523343554914
331,0,0.4182175224231603
332,1,0.5887442833750297
333,0,0.32901254806894775
334,0,0.1764894477550496
335,1,0.5287293374026611
336,0,0.1602716755056707
337,0,0.1618017164486691
338,1,0.38017306704751497
339,0,0.20343080933174593
340,1,0.23357838701860595
341,0,0.4449074786378454
342,0,0.3991986331849197
343,1,0.37292164187820037
344,0,0.3702072997134107
345,0,0.3265744804297489
346,0,0.4944798343389355
347,0,0.11296632520342333
348,0,0.04948221586074137
349,0,0.21629518032104597
350,0,0.3507779820687306
351,0,0.6211814997843649
352,0,0.2024256692322234
353,0,0.2486130483463452
354,1,0.5914464019436256
355,0,0.1719737602895466
356,0,0.4831296494097329
357,0,0.15677227522000112
358,0,0.4753716746545907
359,1,0.3171085245447268
360,1,0.2797840077718258
361,0,0.1921922475707421
362,1,0.40004071229626387
363,0,0.31988747276926605
364,1,0.4165849163105648
365,0,0.28292024844975777
366,0,0.14167299131003241
367,0,0.7430108872434193
368,0,0.21569767389162134
369,0,0.15511760475135877
370,0,0.4909646202677555
371,0,0.21677814700769416
372,0,0.317483507811662
373,0,0.2589883369358441
374,0,0.2833574187259002
375,0,0.16262863642575598
376,0,0.3588016594985908
377,0,0.13748930249278202
378,0,0.0914075121768424
379,0,0.26777263991117783
380,0,0.21568599327663426
381,0,0.47831578733194163
382,1,0.31272108809666543
383,0,0.11995533973054927
384,1,0.49798373678896624
385,0,0.5171143950777433
386,0,0.645123438930512
387,0,0.10959195018188138
388,0,0.3298379844574379
389,0,0.4343732519363436
390,0,0.28199368830074806
391,0,0.6735100420180086
392,0,0.4282517611156131
393,0,0.1524644947788756
394,0,0.18175572316977612
395,0,0.328793124019079
396,0,0.2891556755485535
397,0,0.27008630141536594
398,0,0.2858026713080452
399,1,0.4585115306023935
400,0,0.2630991301619213
401,0,0.19445613098370215
402,0,0.273290583216162
403,1,0.5307504085447964
404,0,0.6112311006980806
405,0,0.2761031766950584
406,1,0.12036044487672111
407,1,0.6731483853508717
408,0,0.2338651808428878
409,0,0.23783385204040788
410,0,0.4330242947476967
411,0,0.14798560501342684
412,1,0.23303443039427946
413,0,0.5073991884192686
414,1,0.48307891000799685
415,0,0.21723640605420536
416,0,0.2399537431750199
417,0,0.43002114369470873
418,0,0.1501019602884812
419,0,0.378354359889154
420,0,0.18622870849153972
421,0,0.5364757672739908
422,0,0.39525347307641284
423,0,0.2648518946553862
424,0,0.11694493140637317
425,0,0.24316360720989222
426,0,0.06449577424538072
427,0,0.3326297252660121
428,0,0.26721575384816026
429,0,0.11757272699879336
430,0,0.6746693526116093
431,1,0.3332118135502274
432,0,0.20268263614114146
433,0,0.1457212277070592
434,0,0.10046042521443808
435,1,0.6685123574497883
436,0,0.15188845492334888
437,0,0.3532135129505049
438,0,0.5006152523586236
439,0,0.3848585733733316
440,0,0.13236909825923726
441,0,0.1396197212384705
442,0,0.2107943293057546
443,0,0.1700818209894632
444,0,0.0061930462082389615
445,0,0.08716352723272928
446,0,0.30522996981125594
447,0,0.44118686904368204
448,0,0.19247742495733897
449,0,0.42748105308608597
450,0,0.2186123895869668
451,0,0.06330712469197076
452,0,0.23616573509424288
453,1,0.10402286599644232
454,1,0.4848943769992313
455,1,0.08689377653144044
456,0,0.2456531333125277
457,0,0.1432946047037865
458,1,0.43515488979195044
459,1,0.4149202427226221
460,0,0.15357995930842497
461,0,0.30750792428921825
462,0,0.39373134265113513
463,1,0.41001034784322304
464,1,0.6802492453012805
465,0,0.24721000988532832
466,1,0.4000906172750178
467,0,0.5237720673983616
468,0,0.10821639595432102
469,0,0.28342074216288815
470,0,0.13611955557762953
471,0,0.23915553924750063
472,1,0.15222447080117632
473,0,0.33223828052637344
474,0,0.10524621666186543
475,0,0.08475482963468782
476,0,0.1893403457687496
477,0,0.12010683857685064
478,1,0.4198518837504827
479,1,0.5234090157605304
480,0,0.5095735266748532
481,0,0.39156307951897107
482,0,0.13547259850260668
483,1,0.4324013521961717
484,0,0.4328268567403766
485,0,0.2695365259924366
486,0,0.07587155986174693
487,0,0.037125189287981954
488,0,0.16475341074609348
489,1,0.6425734854441221
490,0,0.378319574792072
491,0,0.156661797544996
492,1,0.40288169897437315
493,1,0.6088118558492529
494,1,0.6663024376987329
495,0,0.41026126962445125
496,1,0.5854219561580997
497,1,0.6300479376992864
498,1,0.5163140932815338
499,0,0.0869586353658629
500,0,0.0914363044513409
501,0,0.2598917620898263
502,1,0.24919726351346938
503,1,0.5019237636369839
504,1,0.4819148999862029
505,1,0.21332846871893604
506,0,0.5078044716750008
507,0,0.23196071398991697
508,0,0.6243924353732189
509,1,0.38001754438630275
510,0,0.7512663443040293
511,0,0.21292154533496127
512,0,0.26285165362102536
513,0,0.2015763249836214
514,0,0.1287185960434855
515,0,0.22114356137299276
516,0,0.5139439205145458
517,0,0.08600626833351596
518,0,0.35319566771969735
519,0,0.29342256657770216
520,1,0.5623713577284536
521,0,0.16834511341976502
522,0,0.2204137333364951
523,0,0.1470216509119705
524,0,0.1767128664348044
525,0,0.23061352290269302
526,0,0.024555483961775957
527,0,0.2513672575730424
528,1,0.3770171532755645
529,0,0.21772022813882028
530,0,0.3589315791907349
531,1,0.33781036149418486
532,0,0.07959042660259809
533,0,0.2249114382004748
534,0,0.15961349147287882
535,0,0.10945376235597877
536,0,0.24834146523382225
537,0,0.5041807090718199
538,0,0.30460391805927073
539,0,0.20373832140064446
540,0,0.34956328560374844
541,0,0.06513300087126978
542,0,0.2573165847245274
543,0,0.3015509135729406
544,0,0.22374447712105477
545,1,0.2747164467640707
546,0,0.7174123033279594
547,0,0.005661844391990704
548,0,0.3664206975765175
549,0,0.4336055221922528
550,0,0.32715331748122417
551,0,0.2785323528339934
552,1,0.5374936261533101
553,0,0.29837530147485963
554,1,0.5598454414836942
555,0,0.3865545398780928
556,0,0.4156436852888542
557,0,0.28298084231138226
558,0,0.34645478023998627
559,0,0.12263863693867207
560,1,0.27271122045017127
561,0,0.20439581620811095
562,1,0.5235759219938685
563,0,0.07306705517853548
564,0,0.4034903121082773
565,0,0.1722268461244207
566,0,0.3361394341397583
567,0,0.1547852903102408
568,0,0.11789937056081444
569,0,0.4464345282037647
570,1,0.5032833740381112
571,0,0.23741562561664273
572,0,0.12103898444828501
573,0,0.1529093014961244
574,0,0.14567036967062916
575,0,0.10513293783198825
576,0,0.20781905888194505
577,0,0.1568346420639619
578,0,0.042829781926578846
579,0,0.03866886668095592
580,0,0.27079023340796465
581,0,0.5312875377791628
582,1,0.542903189518049
583,0,0.2522858273344601
584,1,0.5647526483919669
585,1,0.5546439789187473
586,0,0.45923668089061653
587,0,0.3120002947374031
588,0,0.39902724606155376
589,0,0.1819647809200816
590,0,0.16325140619479858
591,0,0.060564528677624754
592,0,0.5495255188452338
593,0,0.3211115423792363
594,0,0.14843039588360632
595,0,0.10854797032161735
596,0,0.20148308395443687
597,0,0.1431102123670506
598,0,0.7009396573933121
599,0,0.2733847473353454
600,0,0.15489181506359312
601,1,0.6478578815609104
602,1,0.5279149198660701
603,0,0.1535395714161507
604,0,0.2766489140210669
605,0,0.14690501123427452
606,0,0.18836274262052516
607,0,0.05685809605179318
608,1,0.11844325123203883
609,0,0.2006598776838182
610,1,0.4008692603608962
611,1,0.379436154630709
612,0,0.4275921807327853
613,0,0.6078918402320083
614,1,0.381648287813453
615,0,0.34185279754740217
616,1,0.4974929319243795
617,0,0.11168180363963445
618,1,0.6179986174153906
619,1,0.47647922813082116
620,1,0.6301287320835048
621,1,0.3177877640025157
622,1,0.5027230513312763
623,0,0.05459263637971658
624,1,0.2117180817838677
625,0,0.07010612672411129
626,0,0.20789521383254259
627,1,0.16908971778151452
628,0,0.289051516677118
629,0,0.19245303912798456
630,0,0.2908139712900982
631,0,0.13099692820401102
632,1,0.5017308201949661
633,0,0.3523443929173936
634,0,0.5099103072812567
635,0,0.6558353035436104
636,0,0.17330967188654361
637,1,0.5086924669969944
638,0,0.2939870690617632
639,0,0.4153574653650018
640,0,0.04616692094647253
641,0,0.5011549885054178
642,0,0.11389428272648577
643,0,0.15161940276189062
644,0,0.23681095994449483
645,0,0.2736366865928415
646,0,0.2104517186517853
647,1,0.507430810484734
648,0,0.23372161845728168
649,0,0.49941823353076026
650,0,0.31000348222981156
651,0,0.11621927687109317
652,0,0.1494012317461066
653,1,0.4493061609879283
654,0,0.430898845422984
655,1,0.4483273605096837
656,0,0.6329425653675527
657,0,0.4714280132369297
658,0,0.2910139728141893
659,0,0.13371804767831127
660,0,0.40061635030437437
661,1,0.4379014943439812
662,1,0.4605683067653538
663,0,0.31563127652991785
664,0,0.06475544898230003
665,0,0.28204795057515625
666,0,0.22147031717254148
667,0,0.3467902822423754
668,0,0.2526140237427808
669,1,0.5295517565156067
670,1,0.26220780067272986
671,1,0.40645823900477185
672,0,0.1656272006395078
673,0,0.24831339452928913
674,1,0.5526051316101999
675,0,0.18657933479814606
676,0,0.13666346233556678
677,1,0.040079696852164046
678,0,0.27721105557174736
679,0,0.14449401452675933
680,0,0.14158589242892347
681,0,0.24817638841683004
682,0,0.34676811781863975
683,0,0.0804363813215389
684,0,0.14875452113819954
685,0,0.10784564528157212
686,0,0.17935567342665487
687,0,0.14155432829503176
688,0,0.29050429549201817
689,0,0.18535083489615495
690,0,0.1943838622706745
691,0,0.06890906018811799
692,0,0.3770859759131435
693,1,0.6338186988885475
694,0,0.12230714319617673
695,0,0.4096788529078994
696,0,0.10754956498131059
697,0,0.18344984697897973
698,0,0.11401589921242274
699,0,0.34847908905093533
700,0,0.002722926746584682
701,0,0.2785432129125933
702,0,0.25776725604812173
703,0,0.41308927087799785
704,1,0.3570528587659224
705,0,0.18968569901847576
706,0,0.3938946718469521
707,0,0.12845530010137096
708,0,0.6598537197398197
709,0,0.1061629975550022
710,0,0.125077120066955
711,0,0.1559938125588779
712,0,0.14621748240889454
713,0,0.13889860322189085
714,1,0.5310916800769635
715,0,0.3002068928561014
716,1,0.3288953238216842
717,0,0.07892323437872635
718,1,0.5074687749972291
719,0,0.1017019247899977
720,1,0.4347939423348792
721,0,0.1379536087582534
722,1,0.5105764349876013
723,0,0.13374818495170582
724,0,0.18069926138936251
725,1,0.5463541644671672
726,1,0.5462225900956836
727,0,0.07529087146407383
728,0,0.02831801196524365
729,0,0.24151295828671868
730,0,0.047017771608248916
731,0,0.3672732699419987
732,0,0.19398803471953602
733,1,0.26207441410902865
734,0,0.38831285382459607
735,1,0.7289265614609748
736,0,0.49953965527636085
737,1,0.20862870222580582
738,1,0.6323931409979551
739,0,0.03616846314240925
740,0,0.22067688433957813
741,1,0.521665866367878
742,1,0.5076564192328377
743,0,0.46515311901663164
744,0,0.29984629488515874
745,0,0.3597881989911133
746,0,0.8398725509415296
747,0,0.2034862802309954
748,0,0.3385328197255288
749,0,0.3217226163242265
750,0,0.6035148898304199
751,1,0.5285172569190218
752,0,0.5587566324042867
753,1,0.0981251772190841
754,0,0.2067929118760197
755,0,0.5725700810542464
756,0,0.061937581550454
757,0,0.19354774747576606
758,0,0.37996850857697995
759,0,0.1462711187737273
760,0,0.5650243418651739
761,1,0.6707894669875062
762,1,0.5587393429251196
763,0,0.22234380606826118
764,1,0.5127208973263571
765,1,0.3512018762323645
766,0,0.1771226092610507
767,1,0.6657249101732335
768,0,0.42405885602099225
769,1,0.2792202578125975
770,0,0.23401421238743966
771,0,1.5077323397867445e-05
772,0,0.18359308305265076
773,1,0.4001022583820124
774,1,0.6248088190283847
775,1,0.7021624279380629
776,0,0.34069412267317195
777,0,0.2657832936401351
778,0,0.2762225798565881
779,0,0.18536632200788353
780,1,0.5675259978556694
781,0,0.13330319727536366
782,0,0.16727496983118575
783,0,0.28984457606034575
784,1,0.4681055343323077
785,1,0.33927810874778797
786,0,0.2718381246850769
787,0,0.16347380338613315
788,0,0.014242495174217431
789,0,0.3898256768007568
790,0,0.21041780420019243
791,1,0.4338226827106073
792,1,0.42166582183148077
793,0,0.37115616633806153
794,0,0.23638093070562877
795,0,0.07591133726475108
796,0,0.23535349875539469
797,0,0.20906011688912896
798,1,0.501359578125948
799,0,0.35108250520793854
800,1,0.46713488301477096
801,0,0.40935928708821273
802,0,0.33710670706022516
803,0,0.1209246240807238
804,0,0.43368986792822933
805,0,0.10202794990514229
806,0,0.23276688831788878
807,1,0.6274786604171875
808,0,0.5442159003133296
809,0,0.3028609072075037
810,0,0.42919873492278593
811,0,0.18999665457663287
812,1,0.7128619803710048
813,0,0.5590656322404431
814,0,0.26204385257202584
815,0,0.21296238729590827
816,0,0.38503031505305224
817,0,0.162206680655586
818,0,0.18741470967465282
819,0,0.05788045163175209
820,0,0.27834727261799724
821,0,0.4268426228345842
822,0,0.383852939622294
823,0,0.17687952005571111
824,0,0.0851897830971309
825,0,0.4013986147757477
826,0,0.2076658576684083
827,0,0.28063517913910796
828,1,0.6025335640408578
829,0,0.4595283004200683
830,0,0.2614427520108619
831,0,0.29618076577862945
832,0,0.28745337451310243
833,0,0.33711523313469927
834,0,0.372592452481356
835,0,0.3751280280413145
836,0,0.12689261424625514
837,1,0.46307202412259013
838,1,0.4012677439872823
839,1,0.4132870928422971
840,0,0.0006614765922313312
841,1,0.5235406428588234
842,0,0.2300761392301599
843,0,0.22387656086971733
844,1,0.37796013145281626
845,0,0.5551670887046585
846,1,0.5335166304287976
847,0,0.10370956865608333
848,0,0.2785117043329966
849,1,0.5931569094527159
850,0,0.3365156151450138
851,0,0.0633006707108553
852,0,0.20593101477086315
853,0,0.17119705815814137
854,0,0.5871391486545994
855,0,0.12695648501033677
856,0,0.20163349172161152
857,0,0.1318353196070047
858,0,0.4003062797103967
859,0,0.29760928927105373
860,0,0.28835763512577534
861,1,0.37741909271009266
862,0,0.2150099745719227
863,0,0.21163860602658988
864,1,0.3796592890300744
865,0,0.25144773476704
866,0,0.38990631649377233
867,1,0.5249085456353663
868,0,0.34655532272162753
869,0,0.385964607426441
870,0,0.0997563210174853
871,0,0.20754559496796754
872,0,0.15466238670689283
873,0,0.5081692054457221
874,0,0.23078286954004254
875,0,0.36237666815965663
876,0,0.3026500057717833
877,1,0.6242846963954869
878,0,0.4855265399726156
879,1,0.3639756381389832
880,0,0.01858595944967211
881,0,0.1135204293827225
882,1,0.41863363462081765
883,1,0.19100469160657627
884,0,0.24258940465348242
885,0,0.2652584306366636
886,0,0.21549983476047296
887,1,0.46318009041954067
888,0,0.2751133941549651
889,0,0.5707881217974711
890,0,0.13410378348041516
891,0,0.4033005801482453
892,0,0.2764517450934278
893,1,0.44898861883488456
894,0,0.2685060394660192
895,0,0.4206632924812655
896,1,0.4119120964990359
897,0,0.11407596452349823
898,0,0.17592494152020544
899,0,0.23513711595874126
900,1,0.5833511670952106
901,0,0.15274060896233166
902,0,0.24075566160544967
903,0,0.09577329946046632
904,0,0.21750618765726204
905,1,0.5170856348983113
906,1,0.51400378293152
907,0,0.29463776701352945
908,0,0.2829626287062692
909,0,0.3894012587553318
910,0,0.1554354316553749
911,0,0.061175537271479806
912,0,0.2969576891454006
913,0,0.24160917339147095
914,0,0.42006465109336977
915,0,0.1325824981942411
916,0,0.17082092220210018
917,0,0.31978799968333016
918,0,0.2543769772111581
919,0,0.21480573317968568
920,0,0.1791697249944609
921,0,0.08300588766818477
922,0,0.28804400290328036
923,1,0.5078693050698351
924,0,0.45041979007959454
925,0,0.185365162187488
926,0,0.25075816243542204
927,0,0.28798012256802236
928,1,0.28103714047295486
929,0,0.23288884195087747
930,0,0.31948543505596927
931,0,0.6076648056167632
932,0,0.5621066056420304
933,0,0.23357789011418542
934,0,0.0723507706917823
935,0,0.18852662613204813
936,0,0.1317925080908253
937,0,0.2741127556178046
938,0,0.30904427011589475
939,0,0.23302974609347418
940,0,0.24493490434874565
941,1,0.45226130450279706
942,1,0.47076842462014634
943,0,0.024294202672854755
944,0,0.1289143288129093
945,0,0.22861821200201793
946,0,0.2000506302295375
947,1,0.18822373028968145
948,0,0.6769324220684502
949,0,0.39506982897309223
950,0,0.24561396733878743
951,1,0.2654667859213751
952,0,0.220584710810251
953,0,0.08407943438860901
954,0,0.24800208459235792
955,1,0.3715257289296811
956,0,0.36393641305989316
957,0,0.19672090079380092
958,0,0.290125031986649
959,0,0.265255237656175
960,0,0.40971267555864616
961,0,0.09065322046087683
962,0,0.26929525367826174
963,0,0.24217327434756128
964,0,0.052236469689011605
965,0,0.029173834803951602
966,0,0.06824449151763934
967,1,0.10028622569419766
968,0,0.15584285605957093
969,0,0.2728263899134847
970,0,0.23485375191893937
971,0,0.10698243457624756
972,0,0.09061390373091933
973,0,0.4423632268926299
974,0,0.20081026993417528
975,0,0.33081016512523354
976,1,0.49987900127109963
977,0,0.5585106928334769
978,1,0.34787898687440644
979,0,0.15101797960068716
980,0,0.27948049483622595
981,0,0.40774570690452633
982,0,0.3962155722709423
983,1,0.32420481093936887
984,1,0.29488322904714875
985,1,0.5278831987130677
986,0,0.09991097658484707
987,0,0.18511303858353143
988,0,0.46265497452792587
989,0,0.29914621026004645
990,1,0.37051876736775585
991,0,0.3093612216456821
992,0,0.3529271693803323
993,1,0.305866991896733
994,0,0.1377830598680805
995,0,0.21335686954408678
996,0,0.1382007940861473
997,0,0.3939477460208167
998,0,0.6213442288134324
999,0,0.16509756572403306
