,y_validation,W2VAugGender
0,0,0.22479354638242763
1,1,0.6417779259693206
2,0,0.14749087974112926
3,0,0.5845039109079551
4,0,0.6243548118193794
5,0,0.5684905015756025
6,0,0.19243621878703768
7,0,0.18339034285418165
8,0,0.2600875950604723
9,0,0.3912950761631131
10,0,0.07654429691533697
11,0,0.36737273019347466
12,0,0.11158726577635157
13,0,0.14163048884797938
14,0,0.5399494189650799
15,0,0.2657222704881773
16,0,0.21538012421623026
17,0,0.24428207286727074
18,0,0.19716481687745646
19,0,0.03162916606375686
20,0,0.09482062989100837
21,1,0.8168531713628873
22,0,0.550090906874622
23,0,0.8684896330404449
24,0,0.2598547527046092
25,1,0.5976043770575946
26,1,0.20260063566831654
27,0,0.5872158546741882
28,0,0.4214180197182043
29,0,0.07747806117959696
30,0,0.9050239058871145
31,0,0.17670927790295093
32,0,0.11182739791827323
33,1,0.9576447074088928
34,1,0.5142242470634929
35,0,0.3128556990356113
36,0,0.4700236452854229
37,1,0.5452351472566765
38,0,0.789920707733464
39,0,0.18181387886264436
40,0,0.2065233793161863
41,1,0.6797172889127352
42,0,0.30970544188447047
43,1,0.7343663206938651
44,0,0.20419569194857295
45,0,0.1190880626484531
46,0,0.15575658529967476
47,1,0.6856056323467926
48,1,0.6074966679041953
49,0,0.8228213162386699
50,0,0.11349440654859944
51,1,0.6508810082199625
52,0,0.054288146161705776
53,0,0.7602522725483467
54,1,0.896871574187499
55,0,0.44710353167456657
56,1,0.8842279920863727
57,0,0.2142284535741075
58,0,0.1496057655766381
59,0,0.24156143888791418
60,0,0.4227523567792063
61,0,0.14466668719769588
62,1,0.6633020361380763
63,1,0.7219804315097548
64,0,0.538540957681394
65,1,0.43836378390492403
66,0,0.32487095132503563
67,0,0.05421203060833692
68,0,0.5457587364939617
69,0,0.5404514868218219
70,0,0.3820232151674003
71,0,0.2948838639318468
72,1,0.8475761300429857
73,0,0.3151088282932612
74,0,0.4140581682698819
75,1,0.6740318467117601
76,0,0.3025310706159723
77,0,0.006002773275472466
78,0,0.43434742078033567
79,0,0.31904746462876654
80,0,0.7995076929841209
81,0,0.22020695927368156
82,0,0.10271718823872097
83,0,0.20505242279940342
84,0,0.1619275105156283
85,0,0.42937879703545256
86,0,0.11950903009335352
87,0,0.1954066470295556
88,1,0.6139820654657261
89,0,0.5445783489925048
90,0,0.36692923282781914
91,0,0.09376494608357962
92,1,0.8445003644616216
93,0,0.6055819189226573
94,1,0.6010247799422943
95,1,0.19133936812021216
96,0,0.1917820588165019
97,0,0.5637531330154165
98,0,0.333639675233124
99,0,0.5314592446175809
100,1,0.5548991069944723
101,0,0.07166448035336499
102,0,0.5623501165175364
103,0,0.04792400494556127
104,0,0.6757029127433872
105,1,0.8235970171009538
106,0,0.4641264061989144
107,0,0.02464492826333863
108,0,0.3255304313288578
109,0,0.36623671233386357
110,1,0.12363658384759621
111,0,0.3398663361681901
112,0,0.2813970346229931
113,0,0.2673296379275797
114,0,0.07682202126429676
115,0,0.45889197785602587
116,0,0.694579336858079
117,0,0.7793544335869064
118,0,0.20619154170821127
119,1,0.8347913801163807
120,0,0.250717472315933
121,1,0.06404944675715483
122,0,0.15217204281065838
123,0,0.400637160271241
124,1,0.7459477577714027
125,1,0.8211542473004233
126,0,0.12156579689877947
127,0,0.09795283583220118
128,0,0.6755312643703637
129,0,0.16728472265211655
130,0,0.34707820402487827
131,0,0.4398165483069041
132,1,0.7612983148762772
133,0,0.4364793582830856
134,0,0.5915108065978733
135,0,0.7689853275858267
136,0,0.17455419713706963
137,0,0.09348043505112172
138,0,0.20526947426373873
139,0,0.17136662091766575
140,0,0.3952888957003435
141,0,0.16294289097242678
142,1,0.5708179684794773
143,1,0.8509056307002246
144,0,0.22867179518037503
145,1,0.5780157456379643
146,1,0.7840437597672729
147,1,0.7975843212838071
148,1,0.7697115238383521
149,0,0.07607609645620382
150,1,0.6941573761372124
151,0,0.7490071881031598
152,1,0.1538838442195573
153,1,0.8418592738737163
154,0,0.12766316562145108
155,0,0.2819342789870851
156,0,0.14198373005275913
157,0,0.48031521612739075
158,0,0.5392054214604095
159,0,0.223499052015311
160,1,0.7409117503794529
161,1,0.1306146243974386
162,1,0.6104092833447613
163,0,0.6070399477226659
164,0,0.14581767904253373
165,1,0.9812740271314264
166,0,0.10260763397942446
167,1,0.26814273241433995
168,0,0.06699931761639348
169,0,0.7326344425588924
170,1,0.8275793638728322
171,0,0.762700363597163
172,0,0.6719972166496856
173,0,0.2986540814292719
174,0,0.10609097528121487
175,0,0.30397922782099035
176,0,0.3367109737041465
177,0,0.37553440076320016
178,0,0.283134753268231
179,0,0.10904222641025486
180,1,0.8033285406643373
181,0,0.7041133712692438
182,0,0.6290762594052386
183,0,0.7499425729238202
184,0,0.21807654662969905
185,0,0.06345493631013359
186,1,0.8323622825722689
187,0,0.1594069655444106
188,0,0.4904395579163288
189,1,0.6397305970007516
190,0,0.49709606745787505
191,0,0.25380359576063255
192,0,0.5370383198988619
193,0,0.2921053493189442
194,0,0.2687024194777808
195,1,0.6313385079743873
196,0,0.3685841874390585
197,0,0.4261629269974187
198,0,0.10663757946493738
199,0,0.29044296456378915
200,0,0.5778289187459613
201,1,0.8505332015699422
202,0,0.5178136091392489
203,0,0.31110069203446306
204,1,0.786732893409511
205,1,0.6147889015316463
206,0,0.7961499580622663
207,0,0.5489400559887498
208,0,0.06988104679277397
209,0,0.12279672354182714
210,0,0.09503587426002548
211,1,0.5240421617235584
212,0,0.28394099559223934
213,0,0.3917878662746307
214,0,0.2508787376685688
215,1,0.7019769237831772
216,0,0.12706283334066998
217,1,0.6608785543231125
218,1,0.31369265063763047
219,0,0.4607460884230665
220,0,0.40620890932882225
221,0,0.07122817976512118
222,1,0.9050882795915718
223,0,0.21782372237372358
224,0,0.5106275932900795
225,0,0.2919689375052427
226,0,0.7479327375775319
227,1,0.8186933479291642
228,0,0.5412849178078457
229,1,0.5294413034114743
230,0,0.09074224244170623
231,0,0.13626305450739787
232,0,0.8531532061825692
233,0,0.8391093770182859
234,0,0.24602425617166385
235,0,0.3621351232406536
236,1,0.7852209369567376
237,0,0.7791202260070502
238,0,0.624458674317091
239,1,0.6736030349786666
240,0,0.40010522179914665
241,0,0.40373183505454774
242,0,0.029529458384288165
243,0,0.07350121128046098
244,1,0.5636940190630557
245,0,0.09597557533731779
246,1,0.7774573319665837
247,0,0.1380675681114867
248,0,0.14982843485803574
249,0,0.5135788385315804
250,1,0.6639082177226512
251,0,0.10250029811157045
252,1,0.6020526182991455
253,0,0.07615802367204501
254,0,0.10445548554027285
255,0,0.4130027077547264
256,0,0.7480330627402473
257,1,0.7265659818035923
258,1,0.41651016635080196
259,1,0.7609419564454513
260,0,0.20114874172240785
261,0,0.8554853842006899
262,0,0.22758530182889583
263,0,0.6711160616776596
264,1,0.6915635488981501
265,1,0.8105018585797399
266,0,0.13558241475897806
267,0,0.36685747687726866
268,0,0.1507726523519601
269,0,0.0822138268743168
270,0,0.05276247041950509
271,1,0.9091500080768157
272,0,0.696941394202809
273,0,0.7978994161448665
274,0,0.45716025619782924
275,0,0.31810896108917075
276,1,0.384776036347927
277,1,0.7532849923046803
278,0,0.2793530238516619
279,0,0.16611848380297828
280,0,0.49007205481642313
281,0,0.13223261198839098
282,0,0.6831675818472176
283,0,0.41175375974823974
284,1,0.8638180259309467
285,0,0.04571993103761934
286,0,0.36616055726157687
287,0,0.056483971235224764
288,1,0.5849944039027878
289,0,0.19123089304393623
290,0,0.3335819709317417
291,0,0.41399617171804015
292,1,0.10741991527106151
293,0,0.27986814410352495
294,0,0.0317906080835968
295,0,0.7633177932742352
296,0,0.1057065955733103
297,0,0.7027910476263738
298,0,0.09934075942499765
299,1,0.5457439133124365
300,0,0.0982783192274535
301,0,0.07648996516025729
302,0,0.14018858473297666
303,0,0.4939436462941972
304,0,0.07834736535932707
305,0,0.1465495846794331
306,0,0.09125518136906144
307,0,0.39659919264961546
308,0,0.18798746450586387
309,0,0.39137687093667584
310,0,0.5222078029342698
311,1,0.5435815324094502
312,0,0.20128663517574202
313,0,0.541007495856512
314,0,0.2178429117669541
315,1,0.7477206076537747
316,1,0.6626551704159691
317,0,0.4547641780790152
318,0,0.22796521625124536
319,0,0.20493240953493716
320,0,0.23428105328213983
321,0,0.03635487862846179
322,1,0.4935858169337498
323,0,0.590501228399185
324,1,0.7482464018795421
325,0,0.3647156746549998
326,1,0.35543251527188263
327,0,0.14894409576560308
328,0,0.5552270041629793
329,0,0.11856973607609278
330,0,0.2768552207112274
331,0,0.5259537344088392
332,1,0.8164378425819522
333,0,0.44038852213739405
334,0,0.19682939956723094
335,1,0.734823564018755
336,0,0.15317283185359967
337,0,0.1643051754456234
338,1,0.5966926720113204
339,0,0.20831981688989168
340,1,0.2508729728108123
341,0,0.6178318693742361
342,0,0.5753052303654171
343,1,0.42031278544373607
344,0,0.3490387140266921
345,0,0.4936705062202664
346,0,0.6277463090895222
347,0,0.11593256540267888
348,0,0.05776141008215192
349,0,0.2670676080972701
350,0,0.5375260626815352
351,0,0.8390279614514734
352,0,0.2085878158566449
353,0,0.3423898623078356
354,1,0.8442814594037498
355,0,0.2047324662405902
356,0,0.6863060903324666
357,0,0.1477492080811954
358,0,0.6489411861574328
359,1,0.477819387636741
360,1,0.38174293496260714
361,0,0.22344444835882143
362,1,0.619845024317029
363,0,0.4015453251387108
364,1,0.5547069375836473
365,0,0.360572170172095
366,0,0.13444074241159126
367,0,0.9204101460386342
368,0,0.2686770131293533
369,0,0.18903256669859403
370,0,0.7064660037621736
371,0,0.2367720626369565
372,0,0.34699240218234934
373,0,0.3170856075175153
374,0,0.36219568669917
375,0,0.1781011415741562
376,0,0.5018437156377289
377,0,0.15217484819796778
378,0,0.05848937369612545
379,0,0.36169655320150285
380,0,0.2524137328350627
381,0,0.7113071311009223
382,1,0.47879512803061586
383,0,0.11001747200209835
384,1,0.7155243470657578
385,0,0.7320960504699981
386,0,0.8361991912881027
387,0,0.12100880773675954
388,0,0.4723376126591926
389,0,0.6328606168080316
390,0,0.3059952834427483
391,0,0.8619465832815109
392,0,0.5885279824385269
393,0,0.24792283570329432
394,0,0.20915149956462004
395,0,0.43142136388325686
396,0,0.41131405196117393
397,0,0.3133848163597162
398,0,0.36194608912970794
399,1,0.6467408366160339
400,0,0.32739554358035367
401,0,0.2446752110160174
402,0,0.3433181007834343
403,1,0.7472778522079419
404,0,0.8052391170359983
405,0,0.3316534368851486
406,1,0.11778438097998319
407,1,0.8732322666903954
408,0,0.25437592815895643
409,0,0.2886692030034278
410,0,0.66329527742481
411,0,0.1412193061617322
412,1,0.1973983663716606
413,0,0.7251680424892172
414,1,0.696909156596681
415,0,0.2544214833631629
416,0,0.30393924671430017
417,0,0.6082306991646033
418,0,0.17809794335007295
419,0,0.5458423312805667
420,0,0.22556942081302492
421,0,0.7636203226169689
422,0,0.5124828182683108
423,0,0.3326292822303238
424,0,0.11583216339172192
425,0,0.31130902613449557
426,0,0.09856094130410531
427,0,0.5035222020131926
428,0,0.34745979420770645
429,0,0.11160353999076429
430,0,0.8521086402827899
431,1,0.5239198126933773
432,0,0.203577969072861
433,0,0.1314814620875354
434,0,0.08960325340816397
435,1,0.8831185114310285
436,0,0.18535953639351016
437,0,0.4687751631619607
438,0,0.7064175629666306
439,0,0.5052546765889533
440,0,0.1708338152811317
441,0,0.14466350392169464
442,0,0.23474846068936417
443,0,0.14066517594375696
444,0,0.03483371858352292
445,0,0.08440413808107404
446,0,0.318796279180501
447,0,0.5752079244559274
448,0,0.21081746886112263
449,0,0.6270840243546206
450,0,0.2527316905123403
451,0,0.05811611236560801
452,0,0.26536613669576986
453,1,0.14757579028561943
454,1,0.7312749462433746
455,1,0.11669664264535945
456,0,0.31333103779254495
457,0,0.15543257080513717
458,1,0.6172578983647468
459,1,0.6140436868628454
460,0,0.14168218533727442
461,0,0.4246207622329877
462,0,0.5873139678429274
463,1,0.5324914361633468
464,1,0.8742551790667967
465,0,0.3324514608685811
466,1,0.5983384263336561
467,0,0.7514164234492329
468,0,0.09307822787990154
469,0,0.3789112631678236
470,0,0.18380723664661902
471,0,0.2900368924691345
472,1,0.18151249649892776
473,0,0.45481621582542814
474,0,0.13031681007640722
475,0,0.09883040504907482
476,0,0.23948437749521292
477,0,0.12989706487648245
478,1,0.6305228708205276
479,1,0.7038523048912518
480,0,0.7274639002194753
481,0,0.48658318266218376
482,0,0.15596138613190927
483,1,0.6256676256090984
484,0,0.6070700200809028
485,0,0.316232223707216
486,0,0.06617681355969807
487,0,0.03809403025584543
488,0,0.18381667562792323
489,1,0.848189192801349
490,0,0.5667974545335244
491,0,0.18495324824895837
492,1,0.6604955956901094
493,1,0.7900073641263501
494,1,0.8597318681910155
495,0,0.6159868820140721
496,1,0.8331594487713921
497,1,0.827179938382193
498,1,0.7638799767657996
499,0,0.15454937623865342
500,0,0.09448806187904503
501,0,0.3153543411563416
502,1,0.25238328149564776
503,1,0.6786369858891239
504,1,0.7063577521826472
505,1,0.2871117689641382
506,0,0.689343083907895
507,0,0.25921027620932063
508,0,0.7131071688076139
509,1,0.5986739568719948
510,0,0.922089676212075
511,0,0.25469252314339513
512,0,0.30448658857440825
513,0,0.21783816806448328
514,0,0.14843190300590994
515,0,0.23951272993017536
516,0,0.7245104216579937
517,0,0.06806723382252672
518,0,0.43608425131154854
519,0,0.3886890848204252
520,1,0.8035708507925988
521,0,0.17061456099824368
522,0,0.23706724347561958
523,0,0.13419909165987193
524,0,0.2087067847084568
525,0,0.22204342545039837
526,0,0.01620378020903524
527,0,0.3248915897657774
528,1,0.5298776310739878
529,0,0.27045133516244463
530,0,0.4899813572192824
531,1,0.3626325847154081
532,0,0.06096418853714712
533,0,0.2498137644524399
534,0,0.20544764484560363
535,0,0.10100925297104142
536,0,0.3178017203015323
537,0,0.6425033846131515
538,0,0.36811682769386306
539,0,0.21322970925291054
540,0,0.47631596098258144
541,0,0.10719443015118144
542,0,0.3188156853589741
543,0,0.41867020414908773
544,0,0.2486897310179529
545,1,0.3994598499846438
546,0,0.8173838290513239
547,0,0.023293717060105388
548,0,0.48566808502828956
549,0,0.45832784669667653
550,0,0.44165369127911785
551,0,0.3421096315946605
552,1,0.7612925283975943
553,0,0.3727194218415165
554,1,0.7998127689596587
555,0,0.518098796964691
556,0,0.5612806498904469
557,0,0.34207969808924715
558,0,0.46878886443941675
559,0,0.10064751366291887
560,1,0.3826767937978323
561,0,0.2784957846823051
562,1,0.7715791949644335
563,0,0.06807288650653207
564,0,0.5634049016502959
565,0,0.16723934354898057
566,0,0.44810597718533207
567,0,0.1418320940506794
568,0,0.09261877958300435
569,0,0.6218414384041407
570,1,0.7113471912022699
571,0,0.28749902108366615
572,0,0.12257465985170153
573,0,0.15167406590928356
574,0,0.1417365425505397
575,0,0.10830968146245433
576,0,0.2289509528111041
577,0,0.3498106414908774
578,0,0.09698686309201296
579,0,0.10043495998452723
580,0,0.3243767920278514
581,0,0.7064433268946826
582,1,0.6751056354578336
583,0,0.32339772635943537
584,1,0.7817928750502399
585,1,0.7939300910515233
586,0,0.6876066749665096
587,0,0.4036470984382852
588,0,0.5857592781265959
589,0,0.21498040635305776
590,0,0.14795000533962985
591,0,0.1073815467094499
592,0,0.8063374564695895
593,0,0.44556529629417735
594,0,0.15314120583230623
595,0,0.09830420362840511
596,0,0.286715010600521
597,0,0.13121638018932902
598,0,0.8797415775455282
599,0,0.3493396583902465
600,0,0.14284967399259596
601,1,0.853181551185936
602,1,0.7188823603582241
603,0,0.16734863844711076
604,0,0.3923740713692265
605,0,0.14525698251327449
606,0,0.18446711251454811
607,0,0.054806538971437384
608,1,0.21341756735581194
609,0,0.20358202476177897
610,1,0.6217627815265913
611,1,0.5332670267180712
612,0,0.5353192738459506
613,0,0.7985037251971038
614,1,0.5688630004576374
615,0,0.5396351120670444
616,1,0.7671507509954046
617,0,0.09785943917195986
618,1,0.8410826077977339
619,1,0.6912083643868505
620,1,0.8306857398956176
621,1,0.43267734987499323
622,1,0.7262246594805132
623,0,0.04615455069038701
624,1,0.3092888964440586
625,0,0.05841942972419594
626,0,0.21278028470685692
627,1,0.19091421386606236
628,0,0.3705240340863201
629,0,0.23122282182878182
630,0,0.3560336952242989
631,0,0.14321582488338191
632,1,0.696555170650701
633,0,0.5274538137469786
634,0,0.6290499065993431
635,0,0.8850935581231172
636,0,0.1959837885565052
637,1,0.7837249561265403
638,0,0.36796610356611476
639,0,0.7251185447716617
640,0,0.028275136959446417
641,0,0.6988006308634869
642,0,0.09731679822199467
643,0,0.17379129812585167
644,0,0.28664428230665734
645,0,0.33206056692204444
646,0,0.24242946886454964
647,1,0.7547856455674926
648,0,0.18676090984161456
649,0,0.6874154626060541
650,0,0.39790365454235216
651,0,0.16309479302163585
652,0,0.12052470027209489
653,1,0.6791855142210835
654,0,0.6725426033521584
655,1,0.5824105135935078
656,0,0.8525050091349762
657,0,0.6427992598130287
658,0,0.3799405085700641
659,0,0.14369500020956455
660,0,0.529152323650574
661,1,0.6364458943663932
662,1,0.69628445507701
663,0,0.5764860055300675
664,0,0.05461367056993961
665,0,0.36761538838270463
666,0,0.26038459225909094
667,0,0.4976970664485483
668,0,0.37158500416508894
669,1,0.7544294746609994
670,1,0.32448481031361337
671,1,0.6042857951923277
672,0,0.21636737412488244
673,0,0.2609557605789087
674,1,0.7996067713202214
675,0,0.2141497274663116
676,0,0.11312298414678093
677,1,0.208057795689014
678,0,0.3571788613385549
679,0,0.1322205140530535
680,0,0.15701050742681644
681,0,0.31204874383927145
682,0,0.4718679638050271
683,0,0.07959321388673501
684,0,0.17198694429408587
685,0,0.11704437613842356
686,0,0.09933253650176674
687,0,0.189329124645798
688,0,0.3621915116475848
689,0,0.1963031918173774
690,0,0.22316647662232772
691,0,0.053644878515880554
692,0,0.5601935250966589
693,1,0.8527006624676462
694,0,0.12406338429459302
695,0,0.4704184174051701
696,0,0.1398097674179265
697,0,0.22030863635455106
698,0,0.09868301952548648
699,0,0.3326956935762805
700,0,0.028815731629018976
701,0,0.3392451545728226
702,0,0.2615329833258242
703,0,0.5002552856690871
704,1,0.48102756923981355
705,0,0.19496706177089979
706,0,0.4465530212808306
707,0,0.12229091396871374
708,0,0.8643265190151219
709,0,0.10636739725227265
710,0,0.11834797732084691
711,0,0.18821507820897015
712,0,0.14925435294066783
713,0,0.16571738190728588
714,1,0.7598022886615109
715,0,0.38597270377050424
716,1,0.4548052128163611
717,0,0.07530223511143802
718,1,0.7080902137586017
719,0,0.0887312867526813
720,1,0.5664649460771268
721,0,0.14764892295994034
722,1,0.7465870186305865
723,0,0.1181907187432604
724,0,0.15536158890570748
725,1,0.8030851987060067
726,1,0.7547936555326062
727,0,0.058460968122906354
728,0,0.019393397425182663
729,0,0.30078161174239926
730,0,0.05600259296316931
731,0,0.6246909345309466
732,0,0.19146770518028577
733,1,0.35977804714634865
734,0,0.5573774474308618
735,1,0.9020751697610733
736,0,0.7399276796078157
737,1,0.28813286032484553
738,1,0.8332511308237961
739,0,0.03338468933247965
740,0,0.2777838524668934
741,1,0.7456869975675464
742,1,0.6943279126444815
743,0,0.6710400536840785
744,0,0.4556404868487737
745,0,0.45609393237338547
746,0,0.9636217462799626
747,0,0.22199327558865076
748,0,0.4437183131706379
749,0,0.3771752492755566
750,0,0.8066021580326858
751,1,0.740431719574911
752,0,0.7397999436789106
753,1,0.12052428648291008
754,0,0.2827673384179566
755,0,0.8115342839011143
756,0,0.051956431660914244
757,0,0.16056709700436889
758,0,0.5480889019449721
759,0,0.15343351964847665
760,0,0.7487668269017522
761,1,0.8798092128042593
762,1,0.7863576867958247
763,0,0.2418028818669131
764,1,0.7098388032151592
765,1,0.5203809070460454
766,0,0.1774306129705584
767,1,0.8750503220085235
768,0,0.6209806520863641
769,1,0.36637104530931375
770,0,0.282910152054337
771,0,1.0525974055446846e-05
772,0,0.19979303882739377
773,1,0.5714406430869619
774,1,0.8500172026548224
775,1,0.8942389457205558
776,0,0.4524175502482305
777,0,0.33809978346379405
778,0,0.3468240323237042
779,0,0.20681658877372183
780,1,0.8058784928659044
781,0,0.17651890360540537
782,0,0.23252843191360012
783,0,0.37745023624853735
784,1,0.6353442790021436
785,1,0.472641367214006
786,0,0.3337834911129568
787,0,0.16189533518373553
788,0,0.005449117390458887
789,0,0.603632217662615
790,0,0.35916252760807993
791,1,0.6003238539534405
792,1,0.7322816808031873
793,0,0.39537865837969555
794,0,0.2167587851859181
795,0,0.07258898397203248
796,0,0.3178020191121614
797,0,0.23776292922558598
798,1,0.7120252535051739
799,0,0.4807444948147275
800,1,0.6958318683454493
801,0,0.6344565902538384
802,0,0.47795553924211637
803,0,0.18913258167414973
804,0,0.6226513064203782
805,0,0.11973054409444968
806,0,0.2755816846178739
807,1,0.846613563105354
808,0,0.7105894113658252
809,0,0.45643682317442547
810,0,0.5731239500826995
811,0,0.2680654142624597
812,1,0.8941196814011355
813,0,0.6710730248467471
814,0,0.26123164860741843
815,0,0.24426810624290976
816,0,0.43703230031019386
817,0,0.18271569821305386
818,0,0.2462337342977407
819,0,0.053129573070731684
820,0,0.35137174318353936
821,0,0.6018322640822056
822,0,0.556515318436066
823,0,0.13834892067527546
824,0,0.1342159438545884
825,0,0.6052418848286566
826,0,0.24516732500456323
827,0,0.2557243588373718
828,1,0.8100773139803047
829,0,0.6416014376701252
830,0,0.37395388471261276
831,0,0.30813535257781544
832,0,0.36187769089961913
833,0,0.43498180569702954
834,0,0.5571095971933189
835,0,0.5844375319994749
836,0,0.20399059894469646
837,1,0.6230957143749516
838,1,0.5715663878459672
839,1,0.6020157911729886
840,0,0.011773673247600593
841,1,0.7335768691471767
842,0,0.24927930315506241
843,0,0.28438481156082734
844,1,0.5045849272864914
845,0,0.7481941338155775
846,1,0.7628653114961738
847,0,0.09082214159754484
848,0,0.3212476204682625
849,1,0.8306021409316405
850,0,0.45116031628496034
851,0,0.10142047513416984
852,0,0.24118668613665953
853,0,0.41386164273788983
854,0,0.8441742831478223
855,0,0.11675523859224134
856,0,0.2499910734526981
857,0,0.11839231817418741
858,0,0.5248295286171526
859,0,0.37751904536607556
860,0,0.44986589669727584
861,1,0.445617622022171
862,0,0.32391892707278314
863,0,0.2584928137541848
864,1,0.6069885073863014
865,0,0.28795049488565744
866,0,0.5890909149015651
867,1,0.7445244135300884
868,0,0.5736748057107199
869,0,0.5130437649058651
870,0,0.08909053095775821
871,0,0.24193309328141066
872,0,0.14628917397519825
873,0,0.5005744254148196
874,0,0.2495364933565022
875,0,0.5086951794688923
876,0,0.3696766137893871
877,1,0.8310271892699214
878,0,0.6993700121326963
879,1,0.5611813698987814
880,0,0.0704039593636822
881,0,0.09899102876346501
882,1,0.5890715386852984
883,1,0.24924280666396997
884,0,0.2866659935793245
885,0,0.31774147468569547
886,0,0.43817937567130366
887,1,0.6924094961427808
888,0,0.3756301490861151
889,0,0.7998285931330081
890,0,0.1524592456836462
891,0,0.5572059249988255
892,0,0.39482279356667327
893,1,0.6653125974339054
894,0,0.3076084539608779
895,0,0.5607942921168689
896,1,0.6449821949565796
897,0,0.1067845945200479
898,0,0.20359693659483355
899,0,0.30025815654858623
900,1,0.8018145382915901
901,0,0.1304340446342599
902,0,0.31263102313589153
903,0,0.07855073390897375
904,0,0.261625111485393
905,1,0.749638625958175
906,1,0.7460894321892164
907,0,0.38606111005583243
908,0,0.3329032484636054
909,0,0.4648426321291444
910,0,0.16940662252655408
911,0,0.040456613315775596
912,0,0.3658656091231866
913,0,0.30276648911758286
914,0,0.633214916408588
915,0,0.12863402736790908
916,0,0.2059986088826142
917,0,0.39244269231687484
918,0,0.33746370457622626
919,0,0.24525268401266548
920,0,0.17243907340809017
921,0,0.08576580071899895
922,0,0.2970348974305657
923,1,0.7343051621313291
924,0,0.6444105934168012
925,0,0.2068412955342953
926,0,0.21841441535961464
927,0,0.42122783764824606
928,1,0.4341549679731555
929,0,0.386470744034131
930,0,0.4375571443173284
931,0,0.8069900730489524
932,0,0.780848556509389
933,0,0.33211653817611175
934,0,0.06719837243351612
935,0,0.2092429482487891
936,0,0.1285151389814243
937,0,0.36837752963645554
938,0,0.4300967543442528
939,0,0.29405321730784806
940,0,0.2972109983468757
941,1,0.5023221427449822
942,1,0.6769742852306176
943,0,0.03337007825181235
944,0,0.14556421932548172
945,0,0.25110246123078833
946,0,0.2125777783970779
947,1,0.24439650859432993
948,0,0.893826826646067
949,0,0.5137051022145699
950,0,0.24014012702580634
951,1,0.4598711619108816
952,0,0.2864535648710022
953,0,0.11707256025601855
954,0,0.2885579417511988
955,1,0.5795399986401529
956,0,0.5196184500572861
957,0,0.23368217093316002
958,0,0.3915927846614079
959,0,0.36903772044250716
960,0,0.6283276642881255
961,0,0.09546204816118642
962,0,0.312805981042764
963,0,0.2495752844109608
964,0,0.03868854165387291
965,0,0.040502348500058974
966,0,0.07424423828896301
967,1,0.102508140994251
968,0,0.18100888877273455
969,0,0.36138444137464193
970,0,0.3286307434405243
971,0,0.1053106364534816
972,0,0.05452606604102193
973,0,0.6387193571798149
974,0,0.26523783960486746
975,0,0.37528078682523347
976,1,0.7428480347845257
977,0,0.7951848985393525
978,1,0.5107712913612856
979,0,0.1833548987032456
980,0,0.3725217823234822
981,0,0.5589496069122659
982,0,0.5182991553762626
983,1,0.4419634086297892
984,1,0.3651881411093834
985,1,0.7989895889816818
986,0,0.10960548802950422
987,0,0.23873280668794059
988,0,0.6289132091342237
989,0,0.4375605746976497
990,1,0.5287365256816007
991,0,0.4108612621096658
992,0,0.5371504981749147
993,1,0.5127883285052677
994,0,0.10739504868453005
995,0,0.2103385242895328
996,0,0.13914150910378748
997,0,0.5578041517338986
998,0,0.8460082004755375
999,0,0.2730909319014602
