,y_validation,XSparseGender
0,0,0.6500124964990971
1,1,0.8571509803527817
2,0,0.0007061449958344763
3,0,0.017922604528407604
4,0,0.13038265187428227
5,0,0.20860995563655074
6,0,0.0734873729256545
7,0,0.029102369913281908
8,0,0.05771227894722804
9,0,0.38946683468000576
10,0,0.47070835846412423
11,0,0.0021651292015095764
12,0,0.00035287554393078615
13,0,0.1544353996994309
14,0,0.07274965282642706
15,0,0.015111934815897468
16,0,2.1232023503227335e-05
17,0,0.0281580019932404
18,0,0.005742250091425685
19,0,0.03477945656902684
20,0,0.019244831635732686
21,1,0.9998261108782712
22,0,0.1484512995649233
23,0,0.15295999975651295
24,0,2.4996757358316463e-06
25,1,0.8818228819602428
26,1,0.12289945359285735
27,0,0.4209299397846472
28,0,0.030096956818381405
29,0,0.07914052995977493
30,0,0.0866276932651831
31,0,0.011048760198557345
32,0,0.3009904731525466
33,1,0.7236204011784443
34,1,0.5497576886610098
35,0,0.5872796068966325
36,0,0.46572685725658913
37,1,0.4363071342899869
38,0,0.2278411210737994
39,0,0.4456593825556554
40,0,0.1605333836713665
41,1,0.08511251990616367
42,0,0.04714806421497251
43,1,0.42649537629256995
44,0,7.171281128383526e-05
45,0,0.14240595523083477
46,0,0.01129899520303578
47,1,0.999137865266414
48,1,0.9991688601228641
49,0,0.0719478964887681
50,0,0.19368911932055607
51,1,0.4850547000411666
52,0,0.08567415409712406
53,0,0.020594755142896225
54,1,0.39639996255821164
55,0,0.21092712169989117
56,1,0.7171284105012458
57,0,0.10391113640107295
58,0,0.3482051251267162
59,0,0.07475319417958178
60,0,0.12402646499797264
61,0,0.2779394478122649
62,1,0.9342165479473539
63,1,0.9968943050521726
64,0,0.09452851383116528
65,1,0.1448898347903576
66,0,0.013478670241224832
67,0,0.21722904927494252
68,0,0.021735691679412104
69,0,0.17249585355140984
70,0,0.1262289423250343
71,0,0.3363832061992074
72,1,0.9401936188860915
73,0,0.026679082281560046
74,0,0.028051414306186587
75,1,0.8180113786784967
76,0,0.051452954328848076
77,0,0.31303975513651316
78,0,0.0050562571420591715
79,0,0.2847816123529421
80,0,0.29919357408732644
81,0,0.11313465787131702
82,0,0.10912135118676607
83,0,0.3246061116020986
84,0,0.08103597353812578
85,0,0.5713137013542993
86,0,0.0003271571502942125
87,0,0.13771248336864492
88,1,0.999275706036762
89,0,0.15295999975651295
90,0,0.33488628713752183
91,0,0.1043566677974534
92,1,0.9993205704992346
93,0,0.05287818889249054
94,1,0.6297560334951412
95,1,0.005000828870002283
96,0,0.06645225066247636
97,0,0.18033896254155873
98,0,0.0001780580615487004
99,0,0.5254324733042207
100,1,0.7662801855766301
101,0,0.018654541418344415
102,0,0.32312576899536455
103,0,0.10290134380055016
104,0,0.053547618788904246
105,1,0.9100592809548494
106,0,0.02841371244898282
107,0,0.3891010844499015
108,0,0.000634599354733548
109,0,0.07533348509328648
110,1,0.33488628713752183
111,0,0.6262369614077369
112,0,0.009544080045866456
113,0,0.27797358599788596
114,0,0.0949973862772066
115,0,0.0009650131929874682
116,0,0.28986301796727804
117,0,0.22266279993467938
118,0,0.15718432603524451
119,1,0.6281830352963814
120,0,0.35697190133432993
121,1,0.4252319097042161
122,0,0.000770604711845418
123,0,0.29241675439601406
124,1,0.9997463403571406
125,1,0.15830652912361037
126,0,0.0018633008231322653
127,0,0.005383763094624608
128,0,0.054328041622340104
129,0,0.09495815409337013
130,0,0.0031364126037701353
131,0,0.18988987286970427
132,1,0.44283590745202667
133,0,0.17933952428503605
134,0,0.18086431428321673
135,0,0.32729401012513387
136,0,0.0006596643946711053
137,0,0.0014879214481195852
138,0,0.38447765362902414
139,0,0.034337514539819564
140,0,0.2808407297381502
141,0,0.003899975378543125
142,1,0.6622468258721441
143,1,0.28637614964312147
144,0,3.4860021630237655e-05
145,1,0.4098531402538795
146,1,0.7010994716151581
147,1,0.19139322871367062
148,1,0.9969857004837241
149,0,0.008678422613367754
150,1,0.2025022045599743
151,0,0.4135697328502852
152,1,0.8800591203419197
153,1,0.38946683468000576
154,0,0.3204613112524999
155,0,0.03883587430720068
156,0,0.03105435816594107
157,0,0.0022293020102169985
158,0,0.09785092718190232
159,0,0.02934144785345606
160,1,0.934417977170428
161,1,0.38946683468000576
162,1,0.5450301548554038
163,0,0.04352054620453846
164,0,0.3095791769537755
165,1,0.7963693647669035
166,0,3.165427984531879e-10
167,1,0.2548708052406065
168,0,0.010899974744540832
169,0,0.13399479214177124
170,1,0.6189290349930541
171,0,0.038728078959194855
172,0,0.5443086721573358
173,0,0.0017223673244956468
174,0,0.0017645193466510126
175,0,7.429555343221453e-05
176,0,0.10546738219636315
177,0,0.11661670553457071
178,0,0.011950148906701112
179,0,0.010341226735898806
180,1,0.6338504530259556
181,0,0.3019428768033469
182,0,0.1003182691005841
183,0,0.08572819946649962
184,0,0.00027898389874689766
185,0,0.1441123438206594
186,1,0.15295999975651295
187,0,0.13481550251728824
188,0,0.06196126627020631
189,1,0.9788224807321962
190,0,0.7399485262981109
191,0,0.2863244172361337
192,0,0.3717336316786534
193,0,0.1451245102599296
194,0,0.22999659885720755
195,1,0.8420926809091467
196,0,0.06885422191570555
197,0,0.006990081685921104
198,0,0.011678842104182234
199,0,5.934010472097827e-05
200,0,0.21575387449291936
201,1,0.9713616504548739
202,0,0.8397065657301426
203,0,0.11485731101173101
204,1,0.9994450007019963
205,1,0.8406248173753355
206,0,0.15598544092293695
207,0,0.4591260728879407
208,0,0.16421480392825538
209,0,0.18878544108765083
210,0,0.0008215630686915884
211,1,0.3471345274448054
212,0,0.0222048119208849
213,0,0.005804197342118908
214,0,0.018786767397695085
215,1,0.94623069659493
216,0,0.23601109355103933
217,1,0.38946683468000576
218,1,0.2770028298074339
219,0,0.052417807185375545
220,0,0.32475499767782495
221,0,0.20158317310305732
222,1,0.38946683468000576
223,0,0.17105998517334836
224,0,0.2458078984301289
225,0,0.09712836921039412
226,0,0.38975029889576945
227,1,0.9947413635871788
228,0,0.2847816123529421
229,1,0.6372478877515151
230,0,0.12835180986346653
231,0,0.0013711953297051488
232,0,0.15434419974384617
233,0,0.2449259452550585
234,0,0.7523370416013886
235,0,0.18519004134785766
236,1,0.9894862280131567
237,0,0.20032304481878466
238,0,0.051952421765322415
239,1,0.37479937822915593
240,0,0.15879171800113445
241,0,0.16649312766173566
242,0,0.1360841552180505
243,0,0.3511283584702796
244,1,0.8091497078541604
245,0,0.23831312495023657
246,1,0.887396930954156
247,0,0.0006191314263575505
248,0,0.29919357408732644
249,0,0.0542171413951778
250,1,0.7788467867473378
251,0,0.033722902123600115
252,1,0.25684641340175723
253,0,0.09375439994599576
254,0,0.07336610420772254
255,0,0.019646234056718143
256,0,0.21296113936386624
257,1,0.7044085357568419
258,1,0.5831322552377495
259,1,0.33628852393104697
260,0,0.09911779161229735
261,0,0.3525596254282546
262,0,0.0077109155355300435
263,0,0.2258985289780362
264,1,0.3262741200128442
265,1,0.8915525404019407
266,0,0.08161233705200802
267,0,0.314200139380359
268,0,0.05657782542862546
269,0,0.19224884246835094
270,0,0.10262609873548437
271,1,0.15295999975651295
272,0,0.8535439420853279
273,0,0.3899512479593747
274,0,0.008613833694319903
275,0,0.38946683468000576
276,1,0.779072459738115
277,1,0.2132512871950266
278,0,0.34827151075295565
279,0,0.24141828203465943
280,0,0.24093610494131115
281,0,0.07924892540538431
282,0,0.7051735684997436
283,0,0.06657107444000734
284,1,0.9458845845784531
285,0,0.18684773209828687
286,0,0.0036380508094136696
287,0,0.12731502933496136
288,1,0.6631215760261261
289,0,0.07594832088151589
290,0,0.17170304202039913
291,0,0.029628520800642447
292,1,0.02029627512042604
293,0,0.17520776129079027
294,0,0.13618855345214087
295,0,0.33109671801558443
296,0,0.008883474729561313
297,0,0.2458078984301289
298,0,0.4613898557173722
299,1,0.1709743528835115
300,0,0.27570800999753803
301,0,0.18179047464275444
302,0,0.13405373375237714
303,0,0.04447605724135022
304,0,0.06828151914401306
305,0,0.032050413386520066
306,0,0.03745712720927974
307,0,0.13285375169814603
308,0,0.03437537338648757
309,0,0.2690306352272339
310,0,0.0655394951240508
311,1,0.8279367071216186
312,0,0.12360598474349098
313,0,0.30376445189169854
314,0,0.10254602264302812
315,1,0.33628065863782974
316,1,0.9870787340946755
317,0,0.46563535111750126
318,0,0.0033811171362651228
319,0,0.38946683468000576
320,0,0.000185943732200828
321,0,0.1683107888939395
322,1,0.9916318452550228
323,0,0.37112751018376955
324,1,0.0748483946620632
325,0,0.09989424532295105
326,1,0.10631927055851305
327,0,0.08370065701030843
328,0,0.2847816123529421
329,0,0.04344447087329516
330,0,0.035028550596134356
331,0,0.42716304808262817
332,1,0.9677500431626843
333,0,0.2614362260715946
334,0,0.006008270355926017
335,1,0.924030873528196
336,0,0.0027434084767973188
337,0,0.033174152640007705
338,1,0.33488628713752183
339,0,0.004431941617569941
340,1,0.2944331425187741
341,0,0.000807298243463187
342,0,0.02479769269638568
343,1,0.2847816123529421
344,0,0.15295999975651295
345,0,0.20849035436147434
346,0,0.2012384246263988
347,0,0.19506521249897285
348,0,0.13207408438872373
349,0,0.0006107246083657617
350,0,0.2324383482279007
351,0,0.3842577543081466
352,0,0.0008541248557815091
353,0,0.11537393394252828
354,1,0.38946683468000576
355,0,0.0006349641102811453
356,0,0.15197825276779733
357,0,0.006410967032698968
358,0,0.04800793605044707
359,1,0.9199186898973173
360,1,0.7003395377867363
361,0,0.1951710175204904
362,1,0.35201783391190566
363,0,0.002055371939427139
364,1,0.6098666333324143
365,0,0.06654176319038278
366,0,0.07546175272650062
367,0,0.38946683468000576
368,0,0.10345968950679624
369,0,0.17700962822644106
370,0,0.4916536934488919
371,0,0.0039010802268698744
372,0,0.3059598557745481
373,0,0.014067792277620485
374,0,0.015149780921343005
375,0,0.22842525729298754
376,0,0.08789470497065212
377,0,0.018538855817076816
378,0,0.3230278341831915
379,0,0.1488168265522896
380,0,0.0009195772798777222
381,0,0.14622212426183584
382,1,0.4436935846689783
383,0,0.0023665420680706005
384,1,0.303170297496515
385,0,0.12143270265268981
386,0,0.26544771400094264
387,0,0.38946683468000576
388,0,0.017584943038108276
389,0,0.14561005445151132
390,0,0.010314764986324453
391,0,0.019939449531017547
392,0,0.30489120849552437
393,0,0.03517755697696321
394,0,0.033826376856502235
395,0,0.027074417142237166
396,0,0.0005590434368842319
397,0,0.005719166019877397
398,0,0.04388304022747929
399,1,0.9842451733914082
400,0,0.012096349024978227
401,0,0.000814056999454025
402,0,0.014085853192671001
403,1,0.9925887204890623
404,0,0.138748518529354
405,0,0.012705338746118315
406,1,0.3196125928752684
407,1,0.9563117909597624
408,0,0.00047711697034071775
409,0,0.2914885256029745
410,0,0.15695326295542691
411,0,0.10551728662120301
412,1,0.45607998300228214
413,0,0.04462211856318053
414,1,0.525927159084199
415,0,0.21620671802947664
416,0,0.015682660882444622
417,0,0.012639140723020975
418,0,0.007123310210416877
419,0,0.1490123772825432
420,0,0.0011021114988543238
421,0,0.4022099862554962
422,0,0.3947259127228036
423,0,0.08232414791024646
424,0,7.281530159244991e-06
425,0,0.029146599580142804
426,0,0.003960397188049226
427,0,0.16071799136439893
428,0,0.003916055259318448
429,0,0.3917463159382849
430,0,0.5450301548554038
431,1,0.7940548816171775
432,0,0.02886872952907398
433,0,0.10179552083290924
434,0,0.025252371343091343
435,1,0.6927077007546065
436,0,0.017524322907986715
437,0,0.3452433932121348
438,0,0.1384800868572918
439,0,0.06225911795906681
440,0,0.1408525029305972
441,0,0.028702298087445084
442,0,0.06714037029810364
443,0,0.031106217637225417
444,0,0.20257803065805685
445,0,0.00032264210090557685
446,0,0.14386465748896204
447,0,0.185845072470905
448,0,0.24042456454138797
449,0,0.11079527811356615
450,0,0.0033737581023937455
451,0,0.144396995301695
452,0,0.019519831419975472
453,1,0.4561648769265887
454,1,0.9964561096691443
455,1,0.8345206716260345
456,0,0.15123112053761106
457,0,0.08768202297667166
458,1,0.21500850084897163
459,1,0.5664333925250442
460,0,0.08711168366977495
461,0,0.0289495192992469
462,0,0.02250111735716609
463,1,0.5023791476005262
464,1,0.9419022737480166
465,0,0.0002226242714600715
466,1,0.9876809172440383
467,0,0.38946683468000576
468,0,0.056686092352367864
469,0,0.5356757788728135
470,0,0.03845656842830301
471,0,0.03118537041814573
472,1,0.28215217220014543
473,0,0.11487358212786766
474,0,0.3234926660385646
475,0,0.006214986162964495
476,0,0.17927631030824837
477,0,0.15643944356379594
478,1,0.6982743755482392
479,1,0.8973990321736306
480,0,0.18312522367272482
481,0,0.07295302375229648
482,0,0.006429188680023731
483,1,0.51412526209105
484,0,0.03284834917333663
485,0,0.4376984787115664
486,0,0.07688244876368408
487,0,0.007401828347215309
488,0,0.06081390237710407
489,1,0.9015444091522054
490,0,0.1906227313527064
491,0,0.00801607338645844
492,1,0.38946683468000576
493,1,0.13906712839388086
494,1,0.0428024246732809
495,0,0.1968370903650343
496,1,0.9362261782335959
497,1,0.7758316516505191
498,1,0.7992726293766672
499,0,0.009120818709191951
500,0,0.2687880174439589
501,0,0.10987394585802515
502,1,0.40850205309776805
503,1,0.4352145225353987
504,1,0.4516412029182128
505,1,0.35354971447723055
506,0,0.1353207226382073
507,0,0.32110437182992674
508,0,0.18487833685157107
509,1,0.9985525730330093
510,0,0.15295999975651295
511,0,0.02285509402353722
512,0,0.00019228021404699055
513,0,0.34742113233904254
514,0,0.03047570301322638
515,0,0.12074837785235605
516,0,0.15295999975651295
517,0,0.4244006354225763
518,0,0.009190052612803975
519,0,0.00805093705613755
520,1,0.7695001855703518
521,0,0.06737389705381366
522,0,0.11464043916967347
523,0,0.1849715898593065
524,0,0.015802292958458274
525,0,0.02915342070899702
526,0,0.2390919148236531
527,0,0.07496571479925224
528,1,0.9706738113522093
529,0,0.9850828553552391
530,0,0.003119400543017978
531,1,0.15295999975651295
532,0,0.2025255334363106
533,0,0.026579060954450635
534,0,0.10664253251548773
535,0,0.10862783474985384
536,0,0.0001727703495072244
537,0,0.352305271285551
538,0,0.025418223082852326
539,0,0.23627410123684042
540,0,0.4165265577513738
541,0,0.13135842767047098
542,0,0.02153246770558954
543,0,0.080298896633997
544,0,0.031615868818387696
545,1,0.8424251174922315
546,0,0.38946683468000576
547,0,0.11653491602121312
548,0,0.3516293864865405
549,0,0.20416853331693574
550,0,0.05457237182276605
551,0,0.06945741986910879
552,1,0.9660915854339708
553,0,0.10049204618056691
554,1,0.9990249971149345
555,0,0.012523482565626812
556,0,0.32416683529100937
557,0,0.00039399323960789134
558,0,0.01276278236196383
559,0,0.0004569990553473791
560,1,0.5736436127526006
561,0,0.0005069816544092085
562,1,0.829122063108341
563,0,0.0950893473048292
564,0,0.004645029481222447
565,0,0.061531443639851455
566,0,0.006666617811596498
567,0,0.07309182180095372
568,0,0.10403898003214906
569,0,0.08013138259308558
570,1,0.8283896574330875
571,0,0.19529208661030742
572,0,0.17161853927488258
573,0,0.12130904619775608
574,0,0.017167469862148503
575,0,0.16983723834328074
576,0,0.34856815340602243
577,0,0.2847816123529421
578,0,0.2736702573917447
579,0,0.30175833923250145
580,0,0.08878289022110812
581,0,0.1881191879641652
582,1,0.32362271165107176
583,0,1.953621759957878e-05
584,1,0.5478252754523042
585,1,0.4831293437837335
586,0,0.21047517811720634
587,0,0.20360389683900884
588,0,0.28637614964312147
589,0,0.020981252161960614
590,0,0.12731502933496136
591,0,0.2581651469048283
592,0,0.20158317310305732
593,0,0.5797740806094763
594,0,0.18823846394214222
595,0,0.20856583531717018
596,0,0.019016766588681025
597,0,0.121867974375994
598,0,0.1683214642090917
599,0,0.022597611517595602
600,0,0.4546063833144074
601,1,0.7963693647669035
602,1,0.28187890544827293
603,0,0.034887759330096586
604,0,0.5802327429655315
605,0,0.006462816820474761
606,0,4.908428358026307e-10
607,0,0.2768048845847905
608,1,0.4028220899577159
609,0,0.003394925163809002
610,1,0.8514506086844094
611,1,0.814953932799432
612,0,0.04773296888550831
613,0,0.25194981212743506
614,1,0.1054811797232147
615,0,0.04173934375316576
616,1,0.352305271285551
617,0,0.012619096091040486
618,1,0.9953408942173436
619,1,0.8512585136581553
620,1,0.2684436652045702
621,1,0.372242687238179
622,1,0.9078707187209961
623,0,0.032201221204692675
624,1,0.10993944961520863
625,0,0.08654136947858679
626,0,0.002272610659355303
627,1,0.5652754603951967
628,0,0.0010424949652512979
629,0,0.4361646432391388
630,0,0.4413763963524403
631,0,3.2376389867968104e-07
632,1,0.9955209587905095
633,0,0.14798420522072617
634,0,0.2207834956410142
635,0,0.28986301796727804
636,0,0.025479234517311898
637,1,0.435648895133636
638,0,0.018167205425849937
639,0,0.2963332296438205
640,0,0.1670567244215658
641,0,0.19638105839783357
642,0,0.24112494739621648
643,0,0.017113838210661144
644,0,2.284299381190241e-06
645,0,0.01883045249561378
646,0,0.23093265904190127
647,1,0.29919357408732644
648,0,0.15078345278897995
649,0,0.03907939416214133
650,0,0.15050074555323684
651,0,0.2639034484014863
652,0,0.08207114486554391
653,1,0.7034542079311549
654,0,0.17773923498117747
655,1,0.760141005927455
656,0,0.3227712612195125
657,0,0.6944308121141245
658,0,0.0021656862786896378
659,0,0.010828174797624903
660,0,0.10108410196322358
661,1,0.6794211589441461
662,1,0.8496201091953289
663,0,0.26376055838003143
664,0,0.20997961646332192
665,0,0.5143080386876725
666,0,0.17410088343849237
667,0,0.3610530890080818
668,0,0.9120572321727456
669,1,0.9453861039508529
670,1,0.35530649818410603
671,1,0.8560698261850495
672,0,0.13074156575548795
673,0,0.3262400057427127
674,1,0.38946683468000576
675,0,0.00023416348808039626
676,0,0.14434296250988238
677,1,0.2093003262751992
678,0,0.009290675278956962
679,0,0.12424896212115079
680,0,0.00019846241517544586
681,0,0.2848266672120723
682,0,0.3262741200128442
683,0,0.07545557559871151
684,0,0.22180227004831457
685,0,0.00450603375674714
686,0,0.08606737245959803
687,0,0.2352815947466153
688,0,0.0031038607977849934
689,0,0.0014783501267301513
690,0,0.19895036603924438
691,0,0.03134113139544297
692,0,0.042667194232721056
693,1,0.9922292799512573
694,0,0.11213802728303729
695,0,0.12439409150347568
696,0,0.03034399251472876
697,0,0.07154890233645335
698,0,0.09449308587361352
699,0,0.20793052371791765
700,0,0.1670567244215658
701,0,0.11238498359500104
702,0,0.08384510897329245
703,0,0.21214067670243184
704,1,0.2756660293214088
705,0,0.16253057826926245
706,0,0.18950948672559106
707,0,0.304549947574852
708,0,0.1536036333074722
709,0,0.0002612580279554339
710,0,0.004632973314244575
711,0,0.13008538057700386
712,0,0.025676089192277655
713,0,0.23570739292942916
714,1,0.5522262900232209
715,0,0.28177433604466073
716,1,0.4022001056782643
717,0,0.3272890616210555
718,1,0.33776564176300894
719,0,0.06763873143645033
720,1,0.9913263791296788
721,0,0.0009036753291347935
722,1,0.980667533490405
723,0,0.20158317310305732
724,0,0.00041517080687805805
725,1,0.9999671174418401
726,1,0.48177561849429357
727,0,0.21519853657677732
728,0,0.45607998300228214
729,0,0.31694105130253813
730,0,0.0063556497061241874
731,0,0.22648349177426466
732,0,0.11816727245466711
733,1,0.9366287212554304
734,0,0.004409938455247177
735,1,0.21578001014218873
736,0,0.7288721382480243
737,1,0.008423484209123457
738,1,0.815269555226762
739,0,0.1963582258550291
740,0,0.05416703505428414
741,1,0.961230783406474
742,1,0.47580817579640716
743,0,0.08885680772958895
744,0,0.38946683468000576
745,0,0.2091334005640259
746,0,0.2847816123529421
747,0,0.06376188025904704
748,0,0.04445850530535356
749,0,0.04841722312865663
750,0,0.18684932382100647
751,1,0.6517674923941378
752,0,0.9077497047365872
753,1,0.16730478975252877
754,0,0.15925553544807924
755,0,0.3883786600643256
756,0,0.07753997108547726
757,0,0.3955920796214
758,0,0.2717322185848594
759,0,0.004303184351035062
760,0,0.4732656125313033
761,1,0.5269503098689067
762,1,0.9957295497359704
763,0,0.014064823389676994
764,1,0.8247891666780455
765,1,0.9535460696299558
766,0,0.12731502933496136
767,1,0.49693824944958565
768,0,0.11609361613234429
769,1,0.14830802601876789
770,0,0.015696911066621962
771,0,0.18328151913213162
772,0,0.0012900741001730573
773,1,0.9775211596614408
774,1,0.9532504557602491
775,1,0.9954548916647876
776,0,0.08480756481224747
777,0,0.15560077204405204
778,0,0.05060275198505502
779,0,0.0894144026056646
780,1,0.5450301548554038
781,0,0.11648824729773505
782,0,0.12154370020076868
783,0,0.20089127095132636
784,1,0.746192163245546
785,1,0.6229205433086598
786,0,0.0020792443832625294
787,0,0.3496684571186506
788,0,0.12731502933496136
789,0,0.09809376453815494
790,0,0.4736391874570405
791,1,0.8380073160178318
792,1,0.38946683468000576
793,0,0.3125374923409785
794,0,0.09119359581303751
795,0,0.07070948904841254
796,0,0.0047818706842963285
797,0,0.06745675424487163
798,1,0.9992515289416644
799,0,0.09196437533368532
800,1,0.9622726535766459
801,0,0.15869021291304963
802,0,0.024337199257075292
803,0,0.12773805613216505
804,0,0.28986152492365536
805,0,0.04553264146894538
806,0,0.04638696260478798
807,1,0.789026242796427
808,0,0.38812758662985986
809,0,0.2617182843761239
810,0,0.38946683468000576
811,0,0.17192370173726665
812,1,0.18684932382100647
813,0,0.0534198834558787
814,0,0.057306221060650815
815,0,0.014618800581231193
816,0,0.2229543419650841
817,0,0.004319772558962912
818,0,0.1561906642364601
819,0,0.48620671388704123
820,0,0.02490503684405547
821,0,0.5166345535761234
822,0,0.38743406711426487
823,0,0.565754791093149
824,0,0.07089324363967822
825,0,0.15295999975651295
826,0,0.0007543025894745753
827,0,0.24679900805350666
828,1,0.9998932143831963
829,0,0.3988729696392995
830,0,0.4068858127394744
831,0,0.07813568293432137
832,0,0.19578527178563235
833,0,0.21290015920092864
834,0,0.03517535199993362
835,0,0.2605855485322582
836,0,0.15216933003447533
837,1,0.4016946335070441
838,1,0.9475838253356504
839,1,0.7784509537695036
840,0,0.21459319394789095
841,1,0.7729009187056886
842,0,0.07699331212368576
843,0,0.0006605593934250534
844,1,0.5589951971315323
845,0,0.24615099257318443
846,1,0.9581352445063979
847,0,0.09231200141196999
848,0,0.0013658919829863457
849,1,0.48382457142078367
850,0,0.03680160881065213
851,0,0.26586708274171783
852,0,0.05848091973058148
853,0,0.32727837040304286
854,0,0.38946683468000576
855,0,0.0015316942679500212
856,0,0.08715834073590169
857,0,0.005776122654434908
858,0,0.1544626282193834
859,0,0.02990336231963461
860,0,0.4376329633020172
861,1,0.0989014973968505
862,0,0.26949943144786387
863,0,0.06122901849356145
864,1,0.38946683468000576
865,0,0.236512607618063
866,0,0.8637501228128661
867,1,0.4429766569190786
868,0,0.2971431414516081
869,0,0.1414594731679615
870,0,0.09650585122069193
871,0,5.007375363181886e-05
872,0,0.005291300369044065
873,0,0.036258959482697334
874,0,0.012868647849893961
875,0,0.006056252101929616
876,0,0.20465098590433498
877,1,0.09031565220128915
878,0,0.3011265572030139
879,1,0.09216728688376073
880,0,0.3144436837482424
881,0,0.10446110767654572
882,1,0.3316334125620717
883,1,0.47667488376055006
884,0,0.001682327883760614
885,0,0.4869823908600365
886,0,0.49363376946781873
887,1,0.9243259963607469
888,0,0.08572676450244206
889,0,0.025060339234922447
890,0,0.0012864975278209635
891,0,0.47667488376055006
892,0,0.004282998112652089
893,1,0.5808308873992516
894,0,4.318493941306177e-06
895,0,0.035934171689940266
896,1,0.7825373888656358
897,0,0.21573425235113936
898,0,0.07294868588093306
899,0,0.20039319489989707
900,1,0.9771146988073075
901,0,0.009653363557309056
902,0,0.8999132762240376
903,0,0.09139939515618815
904,0,0.009045314536509636
905,1,0.8645693522487548
906,1,0.9760078816558747
907,0,0.00012080817045579016
908,0,0.14880227091003942
909,0,0.7441919966920805
910,0,0.2458078984301289
911,0,0.30771272183638343
912,0,0.44060453464473526
913,0,0.0022811872994464707
914,0,0.003784457655076926
915,0,0.0005178044126986605
916,0,0.19203906394476486
917,0,0.017486180967740707
918,0,0.04933549205162414
919,0,2.687853602019353e-05
920,0,0.024602803043292504
921,0,0.3608765541130722
922,0,0.008875944786406326
923,1,0.9997859991263739
924,0,0.13037574850770672
925,0,0.3435620338208384
926,0,0.1398985151881256
927,0,0.4412157617294647
928,1,0.8459582612935982
929,0,0.29919357408732644
930,0,0.38946683468000576
931,0,0.15295999975651295
932,0,0.4298750094569522
933,0,0.00051328114048999
934,0,0.024038925513833777
935,0,0.017159538050448647
936,0,0.010686599078186362
937,0,4.6891652800507066e-05
938,0,0.0018330100897087933
939,0,0.058646860272903216
940,0,0.2404564004498078
941,1,0.41242529987528675
942,1,0.7362665721844719
943,0,0.29032762625082636
944,0,0.1001581977778673
945,0,0.17422010241244182
946,0,0.393613739674185
947,1,0.3485809375367591
948,0,0.18874844440168537
949,0,0.21773938851725588
950,0,0.12314736543617714
951,1,0.19457835955652686
952,0,0.019066030582115433
953,0,0.29348833152266174
954,0,0.14780159825509354
955,1,0.6962326658554652
956,0,0.054525360866387915
957,0,0.06111085163792444
958,0,0.007132431977161077
959,0,0.11175426918629347
960,0,0.5744983216807257
961,0,0.026774766809072224
962,0,0.03251369625543573
963,0,0.032937062405835216
964,0,0.10211683112283457
965,0,0.33130458764138876
966,0,0.005667638223046632
967,1,0.22107761303766038
968,0,0.00757130967944666
969,0,0.25286223850194667
970,0,0.24726092393645618
971,0,0.05166295268874243
972,0,0.12731502933496136
973,0,0.35807374879868636
974,0,0.00021663570003491777
975,0,0.12731502933496136
976,1,0.959398289541853
977,0,0.15295999975651295
978,1,0.9376500168977602
979,0,0.3416615046720125
980,0,0.08647186622793379
981,0,0.054613037291734653
982,0,0.10152021876380876
983,1,0.20474031625725034
984,1,0.6806951157931519
985,1,0.7748269830425315
986,0,0.0024629888818537
987,0,0.035059831291329106
988,0,0.037133482788206
989,0,0.5282717672265653
990,1,0.28823236746762604
991,0,3.2113282327918594e-05
992,0,0.19795513038119836
993,1,0.24346824285021668
994,0,0.036096743088543784
995,0,0.03467352501823614
996,0,0.1507687478961967
997,0,0.0001491870039780172
998,0,0.2589507216362168
999,0,0.38946683468000576
